gene_id,base_mean_normalized_count,count_log2fc,SYMBOL,GENENAME,nasa_log2fc,absolute_count_log2fc,contrast
ENSMUSG00000044518,12.253313961992149,-5.344575309588149,Foxe3,forkhead box E3,-2.67104823954361,5.344575309588149,OSD-255 flight versus ground
ENSMUSG00000033196,42.97809107752405,-5.335940017319526,Myh2,"myosin, heavy polypeptide 2, skeletal muscle, adult",-0.799660814024874,5.335940017319526,OSD-255 flight versus ground
ENSMUSG00000020908,66.98367064997423,-5.288049284360003,Myh3,"myosin, heavy polypeptide 3, skeletal muscle, embryonic",0.0362405868546129,5.288049284360003,OSD-255 flight versus ground
ENSMUSG00000092009,36.43102654007008,-5.1000214885090145,Myh15,"myosin, heavy chain 15",-1.01773215989806,5.1000214885090145,OSD-255 flight versus ground
ENSMUSG00000018893,29.739354470720915,-4.719361245870796,Mb,myoglobin,0.0893634636916594,4.719361245870796,OSD-255 flight versus ground
ENSMUSG00000056328,52.27339411950441,-4.6752127998161335,Myh1,"myosin, heavy polypeptide 1, skeletal muscle, adult",0.983725478441478,4.6752127998161335,OSD-255 flight versus ground
ENSMUSG00000061816,38.7640752769677,-4.533696310966104,Myl1,"myosin, light polypeptide 1",0.490338226170054,4.533696310966104,OSD-255 flight versus ground
ENSMUSG00000031097,16.29030642825662,-4.287297463483089,Tnni2,"troponin I, skeletal, fast 2",-0.777227341142528,4.287297463483089,OSD-255 flight versus ground
ENSMUSG00000061723,39.09767191059238,-4.249325067926835,Tnnt3,"troponin T3, skeletal, fast",0.9580187011907,4.249325067926835,OSD-255 flight versus ground
ENSMUSG00000020061,25.952960813695665,-4.091445548841448,Mybpc1,"myosin binding protein C, slow-type",0.928249205286823,4.091445548841448,OSD-255 flight versus ground
ENSMUSG00000049908,110.5099851917274,-4.045380755779378,Gja8,"gap junction protein, alpha 8",-0.893728444497083,4.045380755779378,OSD-255 flight versus ground
ENSMUSG00000038541,15.531029548321909,-3.915953487958929,Srd5a2,steroid 5 alpha-reductase 2,-0.825649533807933,3.915953487958929,OSD-255 flight versus ground
ENSMUSG00000048582,29.25907535379383,-3.6763747470930954,Gja3,"gap junction protein, alpha 3",-1.23735598104085,3.6763747470930954,OSD-255 flight versus ground
ENSMUSG00000017300,19.045905772444954,-3.5276567845542015,Tnnc2,"troponin C2, fast",0.25913851102846,3.5276567845542015,OSD-255 flight versus ground
ENSMUSG00000025389,233.2778484129064,-3.470575067705181,Mip,major intrinsic protein of lens fiber,-0.802476313857114,3.470575067705181,OSD-255 flight versus ground
ENSMUSG00000027022,22.417745887052664,-3.4615043386514914,Xirp2|Gm1322,xin actin-binding repeat containing 2|predicted gene 1322,1.24716125105555,3.4615043386514914,OSD-255 flight versus ground
ENSMUSG00000117987,15.56152819264,-3.1120967863290954,,,,3.1120967863290954,OSD-255 flight versus ground
ENSMUSG00000024041,4742.961818476525,-2.9824590727635534,Cryaa,"crystallin, alpha A",-1.02619741774262,2.9824590727635534,OSD-255 flight versus ground
ENSMUSG00000028871,10.061725530759178,-2.9594370713742677,Rspo1,R-spondin 1,0.335552797676261,2.9594370713742677,OSD-255 flight versus ground
ENSMUSG00000030730,74.21593295616873,-2.9477386736541864,Atp2a1,"ATPase, Ca++ transporting, cardiac muscle, fast twitch 1",1.16781498852174,2.9477386736541864,OSD-255 flight versus ground
ENSMUSG00000030399,22.550866818802714,-2.766733668643005,Ckm,"creatine kinase, muscle",0.0963687989247894,2.766733668643005,OSD-255 flight versus ground
ENSMUSG00000006546,512.7783076396285,-2.749667009314026,Cryba2,"crystallin, beta A2",-1.17581321553305,2.749667009314026,OSD-255 flight versus ground
ENSMUSG00000049134,13.860701073811379,-2.7106224317447536,Nrap,nebulin-related anchoring protein,-0.426182251172556,2.7106224317447536,OSD-255 flight versus ground
ENSMUSG00000029352,252.44472213861295,-2.5840912282181976,Crybb3,"crystallin, beta B3",-0.416579354008794,2.5840912282181976,OSD-255 flight versus ground
ENSMUSG00000022382,28.964577771979755,-2.580055614999785,Wnt7b,"wingless-type MMTV integration site family, member 7B",-0.149558741274214,2.580055614999785,OSD-255 flight versus ground
ENSMUSG00000031972,36.86664136344799,-2.5586073152982087,Acta1,"actin alpha 1, skeletal muscle",0.551749563075308,2.5586073152982087,OSD-255 flight versus ground
ENSMUSG00000042240,1955.3886605306707,-2.516687578522337,Crybb2,"crystallin, beta B2",-1.24327398786122,2.516687578522337,OSD-255 flight versus ground
ENSMUSG00000033501,702.9161209860454,-2.4951481541436316,Crygs,"crystallin, gamma S",-1.25094988690273,2.4951481541436316,OSD-255 flight versus ground
ENSMUSG00000000724,1307.8925373845532,-2.4890746327559654,Cryba1,"crystallin, beta A1",-1.0194810785773,2.4890746327559654,OSD-255 flight versus ground
ENSMUSG00000032060,2493.433937061897,-2.430568197961888,Cryab,"crystallin, alpha B",0.006636045003227,2.430568197961888,OSD-255 flight versus ground
ENSMUSG00000036586,49.802011641987505,-2.4302112040364587,Grifin,galectin-related inter-fiber protein,-0.0049591304521318,2.4302112040364587,OSD-255 flight versus ground
ENSMUSG00000029343,247.30225275725468,-2.3934366634992914,Crybb1,"crystallin, beta B1",-0.201186528471556,2.3934366634992914,OSD-255 flight versus ground
ENSMUSG00000051747,357.20385015397375,-2.2954010936766656,Ttn,titin,-0.795371871579543,2.2954010936766656,OSD-255 flight versus ground
ENSMUSG00000005397,119.1199358474074,-2.284059367602046,Nid1,nidogen 1,-0.0101825500905781,2.284059367602046,OSD-255 flight versus ground
ENSMUSG00000057003,80.29542225773598,-2.282161311746627,Myh4,"myosin, heavy polypeptide 4, skeletal muscle",1.4642173313108,2.282161311746627,OSD-255 flight versus ground
ENSMUSG00000066975,292.7011629798413,-2.2746937262485947,Cryba4,"crystallin, beta A4",-0.20245630481616,2.2746937262485947,OSD-255 flight versus ground
ENSMUSG00000022596,23.01584013445268,2.2165419555077435,Slurp1,secreted Ly6/Plaur domain containing 1,-2.7006285687203,2.2165419555077435,OSD-255 flight versus ground
ENSMUSG00000017607,10.775340099852167,2.205739183037521,Tns4,tensin 4,0.454114150064429,2.205739183037521,OSD-255 flight versus ground
ENSMUSG00000026950,84.11846975316969,-2.1692558545982705,Neb,nebulin,-0.344064426990074,2.1692558545982705,OSD-255 flight versus ground
ENSMUSG00000047935,11.425564298984568,-2.130948376229473,,,-0.29698010528476,2.130948376229473,OSD-255 flight versus ground
ENSMUSG00000020912,447.26645247644416,2.0633131739649846,Krt12,keratin 12,-0.245814532090179,2.0633131739649846,OSD-255 flight versus ground
ENSMUSG00000072845,18.09816712986435,1.9991899972411273,Tmprss11a,"transmembrane protease, serine 11a",0.0662597377231586,1.9991899972411273,OSD-255 flight versus ground
ENSMUSG00000020475,12.323570265631453,-1.881952649476163,Pgam2,phosphoglycerate mutase 2,-0.225713870101366,1.881952649476163,OSD-255 flight versus ground
ENSMUSG00000059898,21.01877974995626,1.8407265396830566,Dsc3,desmocollin 3,-0.289312429516442,1.8407265396830566,OSD-255 flight versus ground
ENSMUSG00000048126,37.58437278814456,-1.7731804224693066,Col6a3,"collagen, type VI, alpha 3",-1.25580327377836,1.7731804224693066,OSD-255 flight versus ground
ENSMUSG00000054252,13.053283629763712,-1.7497746399337755,Fgfr3,fibroblast growth factor receptor 3,-1.16418920214813,1.7497746399337755,OSD-255 flight versus ground
ENSMUSG00000052374,13.215226711832523,-1.7317801430657966,Actn2,actinin alpha 2,0.648832977722861,1.7317801430657966,OSD-255 flight versus ground
ENSMUSG00000086262,25.24207331400394,-1.7269803826619003,A930031H19Rik,RIKEN cDNA A930031H19 gene,-2.06384268622042,1.7269803826619003,OSD-255 flight versus ground
ENSMUSG00000032013,27.453130187538974,1.7053073263434264,Trim29,tripartite motif-containing 29,0.0329098818471198,1.7053073263434264,OSD-255 flight versus ground
ENSMUSG00000007877,10.098106077349957,-1.6275269724927472,Tcap,titin-cap,-0.278556533781543,1.6275269724927472,OSD-255 flight versus ground
ENSMUSG00000078949,32.25060609979097,-1.624542974030027,R3hdml,R3H domain containing-like,0.224835596411503,1.624542974030027,OSD-255 flight versus ground
ENSMUSG00000032068,20.779166903696648,1.614557654745064,Plet1,placenta expressed transcript 1,0.681512038263807,1.614557654745064,OSD-255 flight versus ground
ENSMUSG00000061527,342.895149759899,1.579435295447696,Krt5,keratin 5,-1.17129151115164,1.579435295447696,OSD-255 flight versus ground
ENSMUSG00000069441,20.198721994796536,1.5670684552432652,Dsg1a,desmoglein 1 alpha,-0.946817254150531,1.5670684552432652,OSD-255 flight versus ground
ENSMUSG00000021950,20.741436293086725,1.5663852955587072,Anxa8,annexin A8,1.73675001513913,1.5663852955587072,OSD-255 flight versus ground
ENSMUSG00000086587,10.69237558576823,-1.5645115025677525,Gm11837,predicted gene 11837,-0.478156988047915,1.5645115025677525,OSD-255 flight versus ground
ENSMUSG00000022595,30.77047125164089,1.5547979810296984,Lypd2,Ly6/Plaur domain containing 2,0.080615065120999,1.5547979810296984,OSD-255 flight versus ground
ENSMUSG00000025498,207.01005020156754,1.5499746745226766,Irf7,interferon regulatory factor 7,1.41793271186542,1.5499746745226766,OSD-255 flight versus ground
ENSMUSG00000031502,593.8314797436718,-1.5450025579300266,Col4a1,"collagen, type IV, alpha 1",-0.246971497622446,1.5450025579300266,OSD-255 flight versus ground
ENSMUSG00000054889,153.09311010359133,1.5177884762637521,Dsp,desmoplakin,-0.359618949174419,1.5177884762637521,OSD-255 flight versus ground
ENSMUSG00000032556,56.0190492628254,-1.512065923011062,Bfsp2,"beaded filament structural protein 2, phakinin",-1.66865907525446,1.512065923011062,OSD-255 flight versus ground
ENSMUSG00000025488,15.168848886742339,-1.4814183454757468,Cox8b,cytochrome c oxidase subunit 8B,-1.50726724697176,1.4814183454757468,OSD-255 flight versus ground
ENSMUSG00000074207,27.584548076002143,1.4597628406090761,Adh1,alcohol dehydrogenase 1 (class I),-0.953275904086799,1.4597628406090761,OSD-255 flight versus ground
ENSMUSG00000047139,185.71657081072212,-1.4205177435270953,Cd24a,CD24a antigen,-0.140648818364954,1.4205177435270953,OSD-255 flight versus ground
ENSMUSG00000025064,69.35618545289631,1.418491498999173,Col17a1,"collagen, type XVII, alpha 1",-0.40317442359471,1.418491498999173,OSD-255 flight versus ground
ENSMUSG00000055301,22.78609962706168,1.3866454192955635,Adh7,"alcohol dehydrogenase 7 (class IV), mu or sigma polypeptide",-1.28569999225203,1.3866454192955635,OSD-255 flight versus ground
ENSMUSG00000036256,381.3735001739359,-1.381131178615737,Igfbp7,insulin-like growth factor binding protein 7,-0.0235637892638455,1.381131178615737,OSD-255 flight versus ground
ENSMUSG00000038239,14.866895947350542,-1.3550038771189745,Hrc,histidine rich calcium binding protein,0.557672881721859,1.3550038771189745,OSD-255 flight versus ground
ENSMUSG00000036357,13.985224101490246,1.302905868067676,Gpr101,G protein-coupled receptor 101,1.38393791482876,1.302905868067676,OSD-255 flight versus ground
ENSMUSG00000028763,182.0950980059967,-1.2926912983103063,Hspg2,perlecan (heparan sulfate proteoglycan 2),-1.12895642890483,1.2926912983103063,OSD-255 flight versus ground
ENSMUSG00000035493,39.35807497222366,1.278151847656716,Tgfbi,"transforming growth factor, beta induced",-0.799508261202692,1.278151847656716,OSD-255 flight versus ground
ENSMUSG00000107997,11.342936439322337,1.2666437481417216,,,1.49064559140534,1.2666437481417216,OSD-255 flight versus ground
ENSMUSG00000042717,10.48547858067915,-1.265108295410765,Ppp1r3a,"protein phosphatase 1, regulatory subunit 3A",-1.31928439007662,1.265108295410765,OSD-255 flight versus ground
ENSMUSG00000022686,25.917652782028316,-1.2336496377808264,B3gnt5,"UDP-GlcNAc:betaGal beta-1,3-N-acetylglucosaminyltransferase 5",-1.53292151602247,1.2336496377808264,OSD-255 flight versus ground
ENSMUSG00000019102,272.12633775771945,1.2241578289694386,Aldh3a1,"aldehyde dehydrogenase family 3, subfamily A1",-2.29469394981549,1.2241578289694386,OSD-255 flight versus ground
ENSMUSG00000027420,102.69948307116826,-1.2161784248264231,Bfsp1,"beaded filament structural protein 1, in lens-CP94",-1.18530716794404,1.2161784248264231,OSD-255 flight versus ground
ENSMUSG00000026208,18.33396663013499,-1.2132109717982016,Des,desmin,0.715073651510219,1.2132109717982016,OSD-255 flight versus ground
ENSMUSG00000031548,134.03176152253798,-1.2116698509488324,Sfrp1,secreted frizzled-related protein 1,-1.23413114551045,1.2116698509488324,OSD-255 flight versus ground
ENSMUSG00000006143,38.29782306074024,1.1965367581502084,Upk3bl,uroplakin 3B-like,-0.156320386774205,1.1965367581502084,OSD-255 flight versus ground
ENSMUSG00000112095,11.674516010288077,-1.1941559054211928,Sros1,non-coding RNA suppressor of Stat1,-1.48283661083646,1.1941559054211928,OSD-255 flight versus ground
ENSMUSG00000039238,11.85090017971965,1.1814192770269156,Zfp750,zinc finger protein 750,1.09348212690668,1.1814192770269156,OSD-255 flight versus ground
ENSMUSG00000047786,31.25040893092143,-1.17468167396587,Lix1,limb and CNS expressed 1,0.120460322943888,1.17468167396587,OSD-255 flight versus ground
ENSMUSG00000053398,49.09380438046169,-1.1598587251333643,Phgdh,3-phosphoglycerate dehydrogenase,-0.767457872975654,1.1598587251333643,OSD-255 flight versus ground
ENSMUSG00000034382,64.47014664089303,1.1368946176241888,AI661453,expressed sequence AI661453,-0.447123294211944,1.1368946176241888,OSD-255 flight versus ground
ENSMUSG00000028378,15.074353452695116,1.1338816890747003,Ptgr1,prostaglandin reductase 1,-0.457885591958407,1.1338816890747003,OSD-255 flight versus ground
ENSMUSG00000063130,83.93026208485048,1.1315326498537983,Calml3,calmodulin-like 3,0.253087362443619,1.1315326498537983,OSD-255 flight versus ground
ENSMUSG00000028464,53.06891379310069,-1.1246081368172796,Tpm2,"tropomyosin 2, beta",0.793401590978507,1.1246081368172796,OSD-255 flight versus ground
ENSMUSG00000024076,95.45506952942786,-1.1179308980255045,Vit,vitrin,-0.165285372029007,1.1179308980255045,OSD-255 flight versus ground
ENSMUSG00000058354,26.85815013524379,1.108045930591983,Krt6a,keratin 6A,-0.728078948366418,1.108045930591983,OSD-255 flight versus ground
ENSMUSG00000030592,32.95350223561081,-1.1069789404048083,Ryr1,"ryanodine receptor 1, skeletal muscle",-0.823682221986639,1.1069789404048083,OSD-255 flight versus ground
ENSMUSG00000118467,10.010452633110905,1.103320963764437,,,1.3415164493021,1.103320963764437,OSD-255 flight versus ground
ENSMUSG00000044350,11.823772111860533,-1.0942513244579466,Lacc1,laccase domain containing 1,-0.375119920418165,1.0942513244579466,OSD-255 flight versus ground
ENSMUSG00000056632,13.287154193986375,1.0922641260266894,Dsg3,desmoglein 3,-2.05114049759789,1.0922641260266894,OSD-255 flight versus ground
ENSMUSG00000022510,18.942352671818284,1.0918821485569472,Trp63,transformation related protein 63,0.324529625887806,1.0918821485569472,OSD-255 flight versus ground
ENSMUSG00000049649,15.524091389826044,-1.0813589655152906,Gpr3,G-protein coupled receptor 3,-1.09734368695867,1.0813589655152906,OSD-255 flight versus ground
ENSMUSG00000034282,93.29990618575042,1.0804367289628225,Evpl,envoplakin,-0.0005457071090134,1.0804367289628225,OSD-255 flight versus ground
ENSMUSG00000070392,19.668593058075363,1.0791526285917183,,,0.414827552349249,1.0791526285917183,OSD-255 flight versus ground
ENSMUSG00000056427,17.849060260143787,-1.0781511713012348,Slit3,slit guidance ligand 3,-0.0815554528830764,1.0781511713012348,OSD-255 flight versus ground
ENSMUSG00000113366,13.219419782837516,1.0621112875980074,,,1.08886885680837,1.0621112875980074,OSD-255 flight versus ground
ENSMUSG00000108726,11.93785106976275,-1.0375418660869,,,-1.62247485278627,1.0375418660869,OSD-255 flight versus ground
ENSMUSG00000067996,457.0615241768592,8.334673086587042,Bpifb9b,"BPI fold containing family B, member 9B",8.8099795445115,8.334673086587042,OSD-758 uG versus ground
ENSMUSG00000069044,120.39725082420495,-7.965863572133221,Usp9y,"ubiquitin specific peptidase 9, Y chromosome",-0.623539152137092,7.965863572133221,OSD-758 uG versus ground
ENSMUSG00000067998,148.40397835419284,7.559464955969538,Bpifb9a,"BPI fold containing family B, member 9A",7.40666674043412,7.559464955969538,OSD-758 uG versus ground
ENSMUSG00000068008,26.181949122019265,7.484116004145873,Bpifb3,"BPI fold containing family B, member 3",23.1924187236308,7.484116004145873,OSD-758 uG versus ground
ENSMUSG00000020908,963.6073552919443,7.388784975398027,Myh3,"myosin, heavy polypeptide 3, skeletal muscle, embryonic",8.68532939801558,7.388784975398027,OSD-758 uG versus ground
ENSMUSG00002075501,83.0063750512719,-7.29595791687454,,,,7.29595791687454,OSD-758 uG versus ground
ENSMUSG00000118751,133.0189493916512,-6.991451802098991,Gm22634|Gm23804|Gm26444,"predicted gene, 22634|predicted gene, 23804|predicted gene, 26444",0.254341072208017,6.991451802098991,OSD-758 uG versus ground
ENSMUSG00000054986,22.633497425508157,6.415257632714723,Sec14l3,SEC14-like lipid binding 3,6.77767750079913,6.415257632714723,OSD-758 uG versus ground
ENSMUSG00000049685,11.595960372883834,6.319266222415265,Cyp2g1,"cytochrome P450, family 2, subfamily g, polypeptide 1",22.1626967361624,6.319266222415265,OSD-758 uG versus ground
ENSMUSG00000052217,75.79587721485039,-6.089588578227802,,,,6.089588578227802,OSD-758 uG versus ground
ENSMUSG00000032517,645.1568714112245,-6.043860495463738,Mobp,myelin-associated oligodendrocytic basic protein,-3.49547514458568,6.043860495463738,OSD-758 uG versus ground
ENSMUSG00000092009,232.63164705578248,6.019472209207312,Myh15,"myosin, heavy chain 15",6.4335547145621,6.019472209207312,OSD-758 uG versus ground
ENSMUSG00000055775,119.65541145857355,5.830121281033351,Myh8,"myosin, heavy polypeptide 8, skeletal muscle, perinatal",7.29212990867412,5.830121281033351,OSD-758 uG versus ground
ENSMUSG00000033196,664.2740931030628,5.805828611481114,Myh2,"myosin, heavy polypeptide 2, skeletal muscle, adult",7.52439222401762,5.805828611481114,OSD-758 uG versus ground
ENSMUSG00000050063,50.30212501946826,-5.777069249429438,Klk6,kallikrein related-peptidase 6,-4.80577120743821,5.777069249429438,OSD-758 uG versus ground
ENSMUSG00002075524,87.35928707995677,-5.345104200999466,,,,5.345104200999466,OSD-758 uG versus ground
ENSMUSG00000076439,58.63579965244396,-5.25223486918366,Mog,myelin oligodendrocyte glycoprotein,-4.48460280440363,5.25223486918366,OSD-758 uG versus ground
ENSMUSG00000042045,17.275608206106476,5.145311110199476,Sln,sarcolipin,5.71328469767234,5.145311110199476,OSD-758 uG versus ground
ENSMUSG00000028116,40.55965833140081,5.0902115901628155,Myoz2,myozenin 2,5.40934222231506,5.0902115901628155,OSD-758 uG versus ground
ENSMUSG00000049173,37.8681598661882,5.0249652155939915,Myoz3,myozenin 3,5.33290775167661,5.0249652155939915,OSD-758 uG versus ground
ENSMUSG00000029683,60.644532765785016,5.00729090034986,Lmod2,leiomodin 2 (cardiac),5.194261638797,5.00729090034986,OSD-758 uG versus ground
ENSMUSG00000061816,764.4281597139376,4.98112549111576,Myl1,"myosin, light polypeptide 1",6.34628104836874,4.98112549111576,OSD-758 uG versus ground
ENSMUSG00000020061,318.5535117529454,4.9180497516519495,Mybpc1,"myosin binding protein C, slow-type",6.9547943563627,4.9180497516519495,OSD-758 uG versus ground
ENSMUSG00000031097,243.21545667177816,4.911777488489403,Tnni2,"troponin I, skeletal, fast 2",6.24559594455515,4.911777488489403,OSD-758 uG versus ground
ENSMUSG00000013523,152.32882773321415,-4.889971419983358,Bcas1,brain enriched myelin associated protein 1,-2.59443193785148,4.889971419983358,OSD-758 uG versus ground
ENSMUSG00000006221,107.61612462427172,4.871144120774516,Hspb7,"heat shock protein family, member 7 (cardiovascular)",6.29229451344737,4.871144120774516,OSD-758 uG versus ground
ENSMUSG00000030730,3665.4084204051405,4.691524990698888,Atp2a1,"ATPase, Ca++ transporting, cardiac muscle, fast twitch 1",6.28477875606127,4.691524990698888,OSD-758 uG versus ground
ENSMUSG00000049134,291.5728196765599,4.6537947752374125,Nrap,nebulin-related anchoring protein,5.95077286006976,4.6537947752374125,OSD-758 uG versus ground
ENSMUSG00000018893,491.16335646062845,4.645378050573686,Mb,myoglobin,6.04460205596641,4.645378050573686,OSD-758 uG versus ground
ENSMUSG00000052229,12.337637161179984,-4.616070614900497,Gpr17,G protein-coupled receptor 17,-5.05335505348581,4.616070614900497,OSD-758 uG versus ground
ENSMUSG00000046160,39.31202338264715,-4.59865354361329,Olig1,oligodendrocyte transcription factor 1,-3.58224473741213,4.59865354361329,OSD-758 uG versus ground
ENSMUSG00000027077,17.633131452100297,4.597162021179984,Smtnl1,smoothelin-like 1,5.2393328830961,4.597162021179984,OSD-758 uG versus ground
ENSMUSG00000073375,34.25813936275984,4.5645984071772565,Lrrc30,leucine rich repeat containing 30,7.04869173818224,4.5645984071772565,OSD-758 uG versus ground
ENSMUSG00000044951,265.7272345670656,4.551093935198191,Mylk4,"myosin light chain kinase family, member 4",5.17332529255846,4.551093935198191,OSD-758 uG versus ground
ENSMUSG00000024471,162.47611023297736,4.534880407708181,Myot,myotilin,5.61675424015031,4.534880407708181,OSD-758 uG versus ground
ENSMUSG00000001508,18.648330364596895,4.5290806960072585,Sgca,"sarcoglycan, alpha (dystrophin-associated glycoprotein)",3.5968173792025,4.5290806960072585,OSD-758 uG versus ground
ENSMUSG00000036634,174.80595729561023,-4.50491160494866,Mag,myelin-associated glycoprotein,-0.44061255764923,4.50491160494866,OSD-758 uG versus ground
ENSMUSG00000052374,283.6973037960378,4.478346718081046,Actn2,actinin alpha 2,5.43076096427007,4.478346718081046,OSD-758 uG versus ground
ENSMUSG00000043795,21.43298410473099,4.429588751853934,Prr33,proline rich 33,4.56622949671858,4.429588751853934,OSD-758 uG versus ground
ENSMUSG00000066108,18.11793411718351,4.413219452550209,Muc5b,"mucin 5, subtype B, tracheobronchial",6.30208406834162,4.413219452550209,OSD-758 uG versus ground
ENSMUSG00000021622,235.3749720689858,4.378974522289363,Ckmt2,"creatine kinase, mitochondrial 2",6.94180542422134,4.378974522289363,OSD-758 uG versus ground
ENSMUSG00000037625,263.97538893368085,-4.340339761555733,Cldn11,claudin 11,-0.584589752171052,4.340339761555733,OSD-758 uG versus ground
ENSMUSG00000085569,11.525297175854206,4.2701543625588645,Gm12602,predicted gene 12602,4.58841480486157,4.2701543625588645,OSD-758 uG versus ground
ENSMUSG00000042895,45.32000638128019,4.253530987139753,Abra,actin-binding Rho activating protein,5.61311247528122,4.253530987139753,OSD-758 uG versus ground
ENSMUSG00000068697,78.28589790435969,4.25233394787793,Myoz1,myozenin 1,5.0536241355376,4.25233394787793,OSD-758 uG versus ground
ENSMUSG00000056328,956.8561296558931,4.154608646811485,Myh1,"myosin, heavy polypeptide 1, skeletal muscle, adult",6.70652245499593,4.154608646811485,OSD-758 uG versus ground
ENSMUSG00000027022,287.4665474838311,4.137905680391459,Xirp2|Gm1322,xin actin-binding repeat containing 2|predicted gene 1322,4.01047919202992,4.137905680391459,OSD-758 uG versus ground
ENSMUSG00000079243,59.798110455050754,4.1317039030854,Xirp1,xin actin-binding repeat containing 1,4.34138798825238,4.1317039030854,OSD-758 uG versus ground
ENSMUSG00000061723,297.2712356894646,4.124948019624245,Tnnt3,"troponin T3, skeletal, fast",6.1902839735746,4.124948019624245,OSD-758 uG versus ground
ENSMUSG00000079588,53.83594552390174,4.092247517922941,Tmem182,transmembrane protein 182,6.10303576123342,4.092247517922941,OSD-758 uG versus ground
ENSMUSG00000028464,603.0834698031929,4.075707093410765,Tpm2,"tropomyosin 2, beta",3.96442770470555,4.075707093410765,OSD-758 uG versus ground
ENSMUSG00000007877,204.06936065806966,4.073700951823658,Tcap,titin-cap,5.63462168376011,4.073700951823658,OSD-758 uG versus ground
ENSMUSG00000031972,1000.6238666568834,4.055621728250053,Acta1,"actin alpha 1, skeletal muscle",5.10746056557374,4.055621728250053,OSD-758 uG versus ground
ENSMUSG00000026686,12.87528957009801,4.032056008302911,Lmx1a,LIM homeobox transcription factor 1 alpha,6.37432352562231,4.032056008302911,OSD-758 uG versus ground
ENSMUSG00000030996,30.02038895764607,4.030259165398853,Art1,ADP-ribosyltransferase 1,4.29261916745039,4.030259165398853,OSD-758 uG versus ground
ENSMUSG00000022215,25.85147182047074,4.01666463770623,Fitm1,fat storage-inducing transmembrane protein 1,4.27762860740431,4.01666463770623,OSD-758 uG versus ground
ENSMUSG00000030592,759.3686739229379,4.015845842916413,Ryr1,"ryanodine receptor 1, skeletal muscle",3.76336249812637,4.015845842916413,OSD-758 uG versus ground
ENSMUSG00000038583,33.80882363410766,4.014591595562253,Pln,phospholamban,4.39585637410594,4.014591595562253,OSD-758 uG versus ground
ENSMUSG00000062077,20.737006743082034,4.009065237440653,Trim54,tripartite motif-containing 54,4.23154603809743,4.009065237440653,OSD-758 uG versus ground
ENSMUSG00000030399,629.294726164183,3.8887014085089446,Ckm,"creatine kinase, muscle",5.67597781333529,3.8887014085089446,OSD-758 uG versus ground
ENSMUSG00000027868,106.53544803155219,3.883254515222204,Tbx15,T-box 15,3.91644748938369,3.883254515222204,OSD-758 uG versus ground
ENSMUSG00000020475,97.3447279271215,3.858312707823816,Pgam2,phosphoglycerate mutase 2,4.03593068866822,3.858312707823816,OSD-758 uG versus ground
ENSMUSG00000049908,1195.0032093644304,3.822570827949596,Gja8,"gap junction protein, alpha 8",3.90465154871646,3.822570827949596,OSD-758 uG versus ground
ENSMUSG00000002500,32.8097737686268,3.798950231653461,Rpl3l,ribosomal protein L3-like,3.79384050881976,3.798950231653461,OSD-758 uG versus ground
ENSMUSG00000035296,19.72562909614253,3.7688657274114776,Sgcg,"sarcoglycan, gamma (dystrophin-associated glycoprotein)",3.17293620522844,3.7688657274114776,OSD-758 uG versus ground
ENSMUSG00000026208,374.61937779408754,3.7382829747828192,Des,desmin,3.7300140755486,3.7382829747828192,OSD-758 uG versus ground
ENSMUSG00000038239,73.29307759049574,3.715981098594306,Hrc,histidine rich calcium binding protein,4.63280406592224,3.715981098594306,OSD-758 uG versus ground
ENSMUSG00000019278,12.914003066953065,3.6968804727586315,Dpep1,dipeptidase 1,3.42971051073835,3.6968804727586315,OSD-758 uG versus ground
ENSMUSG00000051747,10989.771499817789,3.684801998322612,Ttn,titin,4.68205489263818,3.684801998322612,OSD-758 uG versus ground
ENSMUSG00000026950,1363.472599054148,3.6806107212648014,Neb,nebulin,4.54767249243559,3.6806107212648014,OSD-758 uG versus ground
ENSMUSG00000098973,926.0953346623013,-3.6700653985915754,Mir6236,microRNA 6236,0.368167964400144,3.6700653985915754,OSD-758 uG versus ground
ENSMUSG00000044938,60.860774384741624,3.6605531617417477,Klhl31,kelch-like 31,4.66771683069332,3.6605531617417477,OSD-758 uG versus ground
ENSMUSG00000038204,11.798939494638608,3.648141408171456,Asb10,ankyrin repeat and SOCS box-containing 10,3.67316630910223,3.648141408171456,OSD-758 uG versus ground
ENSMUSG00000015619,14.998266991091787,3.638859028521054,Gata3,GATA binding protein 3,4.16778035637011,3.638859028521054,OSD-758 uG versus ground
ENSMUSG00000041476,35.755819962534076,3.618814192804673,Smpx,"small muscle protein, X-linked",3.54179278576549,3.618814192804673,OSD-758 uG versus ground
ENSMUSG00000095213,17.02363170267928,3.6100809133592446,,,3.49681967361424,3.6100809133592446,OSD-758 uG versus ground
ENSMUSG00000074006,50.254080669900496,3.609738378617969,Omp,olfactory marker protein,3.62899013242689,3.609738378617969,OSD-758 uG versus ground
ENSMUSG00000119546,10.325363463995894,-3.6053673839011497,,,,3.6053673839011497,OSD-758 uG versus ground
ENSMUSG00000042254,60.22734509376274,3.5489889052402956,Cilp,"cartilage intermediate layer protein, nucleotide pyrophosphohydrolase",3.77739805273336,3.5489889052402956,OSD-758 uG versus ground
ENSMUSG00000030672,552.2490763375696,3.5349417508509253,Mylpf,"myosin light chain, phosphorylatable, fast skeletal muscle",4.39374864878028,3.5349417508509253,OSD-758 uG versus ground
ENSMUSG00000027470,22.011172928288367,3.514381040718351,Mylk2,"myosin, light polypeptide kinase 2, skeletal muscle",3.72633355587346,3.514381040718351,OSD-758 uG versus ground
ENSMUSG00000048582,364.4491717189527,3.492289308851608,Gja3,"gap junction protein, alpha 3",3.4716533262228,3.492289308851608,OSD-758 uG versus ground
ENSMUSG00000050700,34.91568204736674,3.4874879375463634,Emilin3,elastin microfibril interfacer 3,3.66138270544911,3.4874879375463634,OSD-758 uG versus ground
ENSMUSG00000023153,20.212176664777108,3.4837592529963186,Tmem52,transmembrane protein 52,3.76014094238441,3.4837592529963186,OSD-758 uG versus ground
ENSMUSG00000027887,45.57718200585771,3.478463934619464,Sypl2,synaptophysin like 2,3.57833035986918,3.478463934619464,OSD-758 uG versus ground
ENSMUSG00000061462,561.4632954523582,3.465314754152153,Obscn,"obscurin, cytoskeletal calmodulin and titin-interacting RhoGEF",4.19776949634075,3.465314754152153,OSD-758 uG versus ground
ENSMUSG00000025229,59.84067427811573,3.45749512256635,Pitx3,paired-like homeodomain transcription factor 3,3.47049664034327,3.45749512256635,OSD-758 uG versus ground
ENSMUSG00000101559,16.490131028829957,3.437796443667952,,,4.12303326275566,3.437796443667952,OSD-758 uG versus ground
ENSMUSG00000057003,1045.4526012741153,3.4374456317941378,Myh4,"myosin, heavy polypeptide 4, skeletal muscle",5.79908749372615,3.4374456317941378,OSD-758 uG versus ground
ENSMUSG00000017300,47.88596674289613,3.4334863066566434,Tnnc2,"troponin C2, fast",4.67801131533219,3.4334863066566434,OSD-758 uG versus ground
ENSMUSG00000078507,23.652305814915042,3.424652799651121,Aadacl3,arylacetamide deacetylase like 3,3.55599551748258,3.424652799651121,OSD-758 uG versus ground
ENSMUSG00000032401,345.36049942926456,3.378229235471833,Lctl,lactase-like,3.38275674768303,3.378229235471833,OSD-758 uG versus ground
ENSMUSG00000038541,68.1969155607445,3.367886988334166,Srd5a2,steroid 5 alpha-reductase 2,3.63913347336912,3.367886988334166,OSD-758 uG versus ground
ENSMUSG00000039376,55.85337435493272,3.3535733675516193,Synpo2l,synaptopodin 2-like,3.39511102965416,3.3535733675516193,OSD-758 uG versus ground
ENSMUSG00000039891,114.30164214116803,3.3013618961603806,Txlnb,taxilin beta,3.33241822371291,3.3013618961603806,OSD-758 uG versus ground
ENSMUSG00000033501,7674.733409783135,3.27505759381394,Crygs,"crystallin, gamma S",3.48522062794916,3.27505759381394,OSD-758 uG versus ground
ENSMUSG00000028396,19.87727578938904,3.250157901033671,2310002L09Rik,RIKEN cDNA 2310002L09 gene,3.35348305044696,3.250157901033671,OSD-758 uG versus ground
ENSMUSG00000007122,273.57741710887336,3.243905723098336,Casq1,calsequestrin 1,3.23294015215599,3.243905723098336,OSD-758 uG versus ground
ENSMUSG00000005397,1399.9876498397662,3.2418414079822426,Nid1,nidogen 1,3.30259516630942,3.2418414079822426,OSD-758 uG versus ground
ENSMUSG00000079105,11.011744809967288,3.221123157596796,C7,complement component 7,3.66690879333558,3.221123157596796,OSD-758 uG versus ground
ENSMUSG00000020908,1481.3239328068712,7.096961124614703,Myh3,"myosin, heavy polypeptide 3, skeletal muscle, embryonic",7.30656721284522,7.096961124614703,OSD-758 uG versus in-flight 1G
ENSMUSG00000049685,17.921029667184108,6.319266222415265,Cyp2g1,"cytochrome P450, family 2, subfamily g, polypeptide 1",26.4086882001619,6.319266222415265,OSD-758 uG versus in-flight 1G
ENSMUSG00002075524,132.38252237586119,-6.313634863826654,,,,6.313634863826654,OSD-758 uG versus in-flight 1G
ENSMUSG00000068008,40.844637241252556,6.221507540862389,Bpifb3,"BPI fold containing family B, member 3",7.31024342955817,6.221507540862389,OSD-758 uG versus in-flight 1G
ENSMUSG00000067998,230.4155488473739,6.210464945076821,Bpifb9a,"BPI fold containing family B, member 9A",7.13147485912059,6.210464945076821,OSD-758 uG versus in-flight 1G
ENSMUSG00000055775,180.8234729049157,6.0869703028485365,Myh8,"myosin, heavy polypeptide 8, skeletal muscle, perinatal",6.07324878745384,6.0869703028485365,OSD-758 uG versus in-flight 1G
ENSMUSG00000054986,34.93061322628852,5.989636382518121,Sec14l3,SEC14-like lipid binding 3,5.36891729733675,5.989636382518121,OSD-758 uG versus in-flight 1G
ENSMUSG00000067996,716.2460518294062,5.82837523763221,Bpifb9b,"BPI fold containing family B, member 9B",6.05234491218588,5.82837523763221,OSD-758 uG versus in-flight 1G
ENSMUSG00000033196,1007.2530836809418,5.706455293675283,Myh2,"myosin, heavy polypeptide 2, skeletal muscle, adult",5.844996526843,5.706455293675283,OSD-758 uG versus in-flight 1G
ENSMUSG00000092009,355.38222188014845,5.6260377832707675,Myh15,"myosin, heavy chain 15",6.05215561550727,5.6260377832707675,OSD-758 uG versus in-flight 1G
ENSMUSG00000005547,36.64323966869193,5.520917882537398,Cyp2a5,"cytochrome P450, family 2, subfamily a, polypeptide 5",5.62611148973157,5.520917882537398,OSD-758 uG versus in-flight 1G
ENSMUSG00000056054,56.996752466768044,-5.4917667325433435,S100a8,S100 calcium binding protein A8 (calgranulin A),-6.05373100955353,5.4917667325433435,OSD-758 uG versus in-flight 1G
ENSMUSG00000029683,89.7903713983021,5.484987015655472,Lmod2,leiomodin 2 (cardiac),5.85903262772448,5.484987015655472,OSD-758 uG versus in-flight 1G
ENSMUSG00000020125,11.17478179657921,-5.391430920792758,Elane,"elastase, neutrophil expressed",-24.6508369514081,5.391430920792758,OSD-758 uG versus in-flight 1G
ENSMUSG00000009350,23.154378211406705,-5.119413767624053,Mpo,myeloperoxidase,-6.82752593101771,5.119413767624053,OSD-758 uG versus in-flight 1G
ENSMUSG00000042045,26.157955054571634,5.051083624901156,Sln,sarcolipin,5.46074730388316,5.051083624901156,OSD-758 uG versus in-flight 1G
ENSMUSG00000056071,33.54735544840631,-4.8493079066179705,S100a9,S100 calcium binding protein A9 (calgranulin B),-5.14100480002622,4.8493079066179705,OSD-758 uG versus in-flight 1G
ENSMUSG00000050010,142.3636487703611,-4.810406661940046,Shisa3,shisa family member 3,-4.85735658982315,4.810406661940046,OSD-758 uG versus in-flight 1G
ENSMUSG00000001023,11.750050800426555,4.642284798806651,S100a5,S100 calcium binding protein A5,5.88386000791406,4.642284798806651,OSD-758 uG versus in-flight 1G
ENSMUSG00000027483,15.038890634657987,4.616416986885148,Bpifa1,"BPI fold containing family A, member 1",5.05044013306501,4.616416986885148,OSD-758 uG versus in-flight 1G
ENSMUSG00000044951,391.1775894291796,4.60178374225105,Mylk4,"myosin light chain kinase family, member 4",4.48911818405809,4.60178374225105,OSD-758 uG versus in-flight 1G
ENSMUSG00000028116,61.89662360276429,4.512219102609092,Myoz2,myozenin 2,4.43530529094575,4.512219102609092,OSD-758 uG versus in-flight 1G
ENSMUSG00000061816,1157.461574979369,4.47497275070768,Myl1,"myosin, light polypeptide 1",4.66131281479561,4.47497275070768,OSD-758 uG versus in-flight 1G
ENSMUSG00000032484,58.04534820418062,-4.469505725175629,Ngp,neutrophilic granule protein,-4.7587981634587,4.469505725175629,OSD-758 uG versus in-flight 1G
ENSMUSG00000018893,730.4882394429525,4.4664189215563255,Mb,myoglobin,4.47630916488361,4.4664189215563255,OSD-758 uG versus in-flight 1G
ENSMUSG00000098973,1233.3689919644457,-4.447608550570219,Mir6236,microRNA 6236,-1.06125036079388,4.447608550570219,OSD-758 uG versus in-flight 1G
ENSMUSG00000042895,65.95769564647074,4.4064226160714846,Abra,actin-binding Rho activating protein,4.50126900154135,4.4064226160714846,OSD-758 uG versus in-flight 1G
ENSMUSG00000049134,435.19701540518605,4.38907323437427,Nrap,nebulin-related anchoring protein,4.50715455807351,4.38907323437427,OSD-758 uG versus in-flight 1G
ENSMUSG00000020713,140.38355620285992,-4.283467209490832,Gh,growth hormone,-4.36729185519989,4.283467209490832,OSD-758 uG versus in-flight 1G
ENSMUSG00000026686,18.68998906884997,4.216446375596376,Lmx1a,LIM homeobox transcription factor 1 alpha,5.16589823739497,4.216446375596376,OSD-758 uG versus in-flight 1G
ENSMUSG00000052374,421.8929631990526,4.200949599532076,Actn2,actinin alpha 2,4.37284961917074,4.200949599532076,OSD-758 uG versus in-flight 1G
ENSMUSG00000020061,486.14338638128737,4.200081571390371,Mybpc1,"myosin binding protein C, slow-type",4.35553337044082,4.200081571390371,OSD-758 uG versus in-flight 1G
ENSMUSG00000007877,294.322219568125,4.19661781499916,Tcap,titin-cap,4.36291322802393,4.19661781499916,OSD-758 uG versus in-flight 1G
ENSMUSG00000024471,243.13069537458804,4.153631572344712,Myot,myotilin,4.2617681589018,4.153631572344712,OSD-758 uG versus in-flight 1G
ENSMUSG00000021622,348.51765980408743,4.144056205803466,Ckmt2,"creatine kinase, mitochondrial 2",4.47354527239982,4.144056205803466,OSD-758 uG versus in-flight 1G
ENSMUSG00000031097,372.9944940563155,4.0855805148227295,Tnni2,"troponin I, skeletal, fast 2",4.1177476661548,4.0855805148227295,OSD-758 uG versus in-flight 1G
ENSMUSG00000060180,83.73653995037188,4.083547212096283,Myh13,"myosin, heavy polypeptide 13, skeletal muscle",4.26317309663235,4.083547212096283,OSD-758 uG versus in-flight 1G
ENSMUSG00000040809,27.92013796329705,-4.053568222381588,Chil3,chitinase-like 3,-4.23477970792867,4.053568222381588,OSD-758 uG versus in-flight 1G
ENSMUSG00000021342,37.109408648825436,-4.017343139467913,Prl,prolactin,-4.33501677768302,4.017343139467913,OSD-758 uG versus in-flight 1G
ENSMUSG00000073375,52.093374813491714,3.9364039179810657,Lrrc30,leucine rich repeat containing 30,4.01958455872311,3.9364039179810657,OSD-758 uG versus in-flight 1G
ENSMUSG00000043795,32.46602462944916,3.8913650250163516,Prr33,proline rich 33,4.01984415467431,3.8913650250163516,OSD-758 uG versus in-flight 1G
ENSMUSG00000022651,12.633450896685098,-3.8830365784257896,Retnlg,resistin like gamma,-5.25814948301709,3.8830365784257896,OSD-758 uG versus in-flight 1G
ENSMUSG00000056569,78.48085959770133,-3.8326950825154698,Mpz,myelin protein zero,-4.31794316618859,3.8326950825154698,OSD-758 uG versus in-flight 1G
ENSMUSG00000062077,30.48949087788253,3.820359690598664,Trim54,tripartite motif-containing 54,4.08989230991198,3.820359690598664,OSD-758 uG versus in-flight 1G
ENSMUSG00000030996,44.16021318240472,3.804015873446132,Art1,ADP-ribosyltransferase 1,4.14817003880566,3.804015873446132,OSD-758 uG versus in-flight 1G
ENSMUSG00000006221,167.32586623122637,3.7895026081903325,Hspb7,"heat shock protein family, member 7 (cardiovascular)",3.83478644387758,3.7895026081903325,OSD-758 uG versus in-flight 1G
ENSMUSG00000121605,13.291460802472306,-3.737028645494953,Ahsp,alpha hemoglobin stabilizing protein,-4.11585177440161,3.737028645494953,OSD-758 uG versus in-flight 1G
ENSMUSG00000038239,104.65952254160197,3.728866853330191,Hrc,histidine rich calcium binding protein,3.7865340474157,3.728866853330191,OSD-758 uG versus in-flight 1G
ENSMUSG00000027077,27.432345697790335,3.6503960039189534,Smtnl1,smoothelin-like 1,4.14904139118324,3.6503960039189534,OSD-758 uG versus in-flight 1G
ENSMUSG00000056328,1431.6778589693324,3.607886879923182,Myh1,"myosin, heavy polypeptide 1, skeletal muscle, adult",3.72692792487555,3.607886879923182,OSD-758 uG versus in-flight 1G
ENSMUSG00000030730,5705.4034469132985,3.5752611620822354,Atp2a1,"ATPase, Ca++ transporting, cardiac muscle, fast twitch 1",3.89879231397089,3.5752611620822354,OSD-758 uG versus in-flight 1G
ENSMUSG00000002500,47.88056309392729,3.5582466147263343,Rpl3l,ribosomal protein L3-like,3.62735962512546,3.5582466147263343,OSD-758 uG versus in-flight 1G
ENSMUSG00000049173,60.460349771745946,3.5305134488003307,Myoz3,myozenin 3,3.76528221553193,3.5305134488003307,OSD-758 uG versus in-flight 1G
ENSMUSG00000079588,80.7604165758043,3.5304471848902863,Tmem182,transmembrane protein 182,3.60313106590526,3.5304471848902863,OSD-758 uG versus in-flight 1G
ENSMUSG00000061723,447.44015340227656,3.4837124151796557,Tnnt3,"troponin T3, skeletal, fast",3.01166542352874,3.4837124151796557,OSD-758 uG versus in-flight 1G
ENSMUSG00000000031,821.28787056435,-3.4711966574173383,H19,"H19, imprinted maternally expressed transcript",-3.63705367950355,3.4711966574173383,OSD-758 uG versus in-flight 1G
ENSMUSG00000039084,37.25313183363042,-3.4290015198718597,Chad,chondroadherin,-3.53852747883334,3.4290015198718597,OSD-758 uG versus in-flight 1G
ENSMUSG00000030785,83.40520089647586,3.425034557437295,Cox6a2,cytochrome c oxidase subunit 6A2,3.65197564809129,3.425034557437295,OSD-758 uG versus in-flight 1G
ENSMUSG00000079243,90.69220063290219,3.4142184493460705,Xirp1,xin actin-binding repeat containing 1,3.70525710480219,3.4142184493460705,OSD-758 uG versus in-flight 1G
ENSMUSG00000030592,1141.859368198705,3.3573945042349123,Ryr1,"ryanodine receptor 1, skeletal muscle",3.3277112129858,3.3573945042349123,OSD-758 uG versus in-flight 1G
ENSMUSG00000001508,29.45387109108809,3.3533302856471607,Sgca,"sarcoglycan, alpha (dystrophin-associated glycoprotein)",3.29591058566549,3.3533302856471607,OSD-758 uG versus in-flight 1G
ENSMUSG00000074006,72.76151749424653,3.3507785043434843,Omp,olfactory marker protein,3.36989267666575,3.3507785043434843,OSD-758 uG versus in-flight 1G
ENSMUSG00000038204,17.402607382122724,3.2959972497711765,Asb10,ankyrin repeat and SOCS box-containing 10,3.30790449359099,3.2959972497711765,OSD-758 uG versus in-flight 1G
ENSMUSG00000057003,1492.1759965013878,3.2290191333711458,Myh4,"myosin, heavy polypeptide 4, skeletal muscle",3.33301706274754,3.2290191333711458,OSD-758 uG versus in-flight 1G
ENSMUSG00000020475,146.09010764056947,3.2082688004199413,Pgam2,phosphoglycerate mutase 2,3.26077067396626,3.2082688004199413,OSD-758 uG versus in-flight 1G
ENSMUSG00000042254,87.54358751767194,3.2011547367641358,Cilp,"cartilage intermediate layer protein, nucleotide pyrophosphohydrolase",3.38410498900206,3.2011547367641358,OSD-758 uG versus in-flight 1G
ENSMUSG00000027107,20.450729250428175,3.183367471880958,Chrna1,cholinergic receptor nicotinic alpha 1 subunit,3.01920885690989,3.183367471880958,OSD-758 uG versus in-flight 1G
ENSMUSG00000017300,68.78948227967204,3.1796861372744223,Tnnc2,"troponin C2, fast",3.27417878831707,3.1796861372744223,OSD-758 uG versus in-flight 1G
ENSMUSG00000019577,467.8376461191837,3.1762569314520186,Pdk4,"pyruvate dehydrogenase kinase, isoenzyme 4",3.20427627194529,3.1762569314520186,OSD-758 uG versus in-flight 1G
ENSMUSG00000051747,16274.933443901344,3.1301857324974853,Ttn,titin,2.84131467218485,3.1301857324974853,OSD-758 uG versus in-flight 1G
ENSMUSG00000085569,18.337883780347305,3.1025110122174033,Gm12602,predicted gene 12602,3.24041753073715,3.1025110122174033,OSD-758 uG versus in-flight 1G
ENSMUSG00000026950,2023.557752484687,3.1003689765924025,Neb,nebulin,2.87941977428358,3.1003689765924025,OSD-758 uG versus in-flight 1G
ENSMUSG00000118170,10.462608138735126,3.0853177303475348,,,,3.0853177303475348,OSD-758 uG versus in-flight 1G
ENSMUSG00000027022,446.7478263990461,3.079427965770519,Xirp2|Gm1322,xin actin-binding repeat containing 2|predicted gene 1322,2.65628110115866,3.079427965770519,OSD-758 uG versus in-flight 1G
ENSMUSG00000030399,957.5211065543474,3.0612403658806637,Ckm,"creatine kinase, muscle",3.37777567653536,3.0612403658806637,OSD-758 uG versus in-flight 1G
ENSMUSG00000022215,40.07119114121877,3.0594901102855676,Fitm1,fat storage-inducing transmembrane protein 1,3.17222139511377,3.0594901102855676,OSD-758 uG versus in-flight 1G
ENSMUSG00000030672,810.5135354495512,3.039342819479316,Mylpf,"myosin light chain, phosphorylatable, fast skeletal muscle",3.08865721516355,3.039342819479316,OSD-758 uG versus in-flight 1G
ENSMUSG00000029372,34.964002530158155,-3.0377794300279626,Ppbp,pro-platelet basic protein,-3.20255001272738,3.0377794300279626,OSD-758 uG versus in-flight 1G
ENSMUSG00000039891,163.16507839337297,3.028754278951065,Txlnb,taxilin beta,3.13516877966392,3.028754278951065,OSD-758 uG versus in-flight 1G
ENSMUSG00000035296,30.001028677140166,3.023360566121215,Sgcg,"sarcoglycan, gamma (dystrophin-associated glycoprotein)",2.1834777743575,3.023360566121215,OSD-758 uG versus in-flight 1G
ENSMUSG00000079554,13.228750071193646,2.9876408447568874,Aox2,aldehyde oxidase 2,3.37986580871304,2.9876408447568874,OSD-758 uG versus in-flight 1G
ENSMUSG00000066108,29.31148823215914,2.9733841581242753,Muc5b,"mucin 5, subtype B, tracheobronchial",3.54814840397821,2.9733841581242753,OSD-758 uG versus in-flight 1G
ENSMUSG00000028464,941.5350029390603,2.96552514359227,Tpm2,"tropomyosin 2, beta",2.95909619022394,2.96552514359227,OSD-758 uG versus in-flight 1G
ENSMUSG00000039376,81.1788431259388,2.9245754189110547,Synpo2l,synaptopodin 2-like,2.93572708704215,2.9245754189110547,OSD-758 uG versus in-flight 1G
ENSMUSG00000034028,13.234369586120083,-2.888216326451431,Cd226,CD226 antigen,-2.47953341579108,2.888216326451431,OSD-758 uG versus in-flight 1G
ENSMUSG00000076609,35.14230196196678,-2.884619655844171,Igkc,immunoglobulin kappa constant,-2.84258084076304,2.884619655844171,OSD-758 uG versus in-flight 1G
ENSMUSG00000019787,127.01109415569658,2.8807655107989967,Trdn,triadin,3.20715516156506,2.8807655107989967,OSD-758 uG versus in-flight 1G
ENSMUSG00000016995,15.671411420489788,-2.8709021231084146,Matn4,matrilin 4,-3.75668355625992,2.8709021231084146,OSD-758 uG versus in-flight 1G
ENSMUSG00000061462,830.7610225354314,2.8614939765091716,Obscn,"obscurin, cytoskeletal calmodulin and titin-interacting RhoGEF",2.99237531132239,2.8614939765091716,OSD-758 uG versus in-flight 1G
ENSMUSG00000007122,393.4146512235095,2.857472500114485,Casq1,calsequestrin 1,2.71959970712134,2.857472500114485,OSD-758 uG versus in-flight 1G
ENSMUSG00000068697,125.60583976801185,2.852763762162574,Myoz1,myozenin 1,3.07763909228184,2.852763762162574,OSD-758 uG versus in-flight 1G
ENSMUSG00000028396,28.9216229175104,2.820195377176552,2310002L09Rik,RIKEN cDNA 2310002L09 gene,3.47822325332286,2.820195377176552,OSD-758 uG versus in-flight 1G
ENSMUSG00000038670,214.55309269928566,2.81122158173407,Mybpc2,"myosin binding protein C, fast-type",3.03542955037532,2.81122158173407,OSD-758 uG versus in-flight 1G
ENSMUSG00000027887,68.17788857091062,2.8016784608832586,Sypl2,synaptophysin like 2,2.95283557253829,2.8016784608832586,OSD-758 uG versus in-flight 1G
ENSMUSG00000086850,11.560294156834466,2.7980348288259753,,,2.03836121444773,2.7980348288259753,OSD-758 uG versus in-flight 1G
ENSMUSG00000051839,11.457285050655145,-2.7967820814119664,Gypa,glycophorin A,-3.16369977993928,2.7967820814119664,OSD-758 uG versus in-flight 1G
ENSMUSG00000119584,83287.27067679056,-2.795778736629843,Rn18s|Rn18s-rs5,"18S ribosomal RNA|18s RNA, related sequence 5",-4.81040273993632,2.795778736629843,OSD-758 uG versus in-flight 1G
ENSMUSG00000027744,24.35551920735677,2.7933207551528163,Stoml3,stomatin (Epb7.2)-like 3,3.3974699937016,2.7933207551528163,OSD-758 uG versus in-flight 1G
ENSMUSG00000101559,24.75863350357987,2.7775001903520007,,,2.88716509152565,2.7775001903520007,OSD-758 uG versus in-flight 1G
ENSMUSG00000041476,54.803631941524394,2.7383370784029952,Smpx,"small muscle protein, X-linked",2.61094253303781,2.7383370784029952,OSD-758 uG versus in-flight 1G
ENSMUSG00000069044,113.70408207595153,-8.061686366750571,Usp9y,"ubiquitin specific peptidase 9, Y chromosome",-0.969495520169265,8.061686366750571,OSD-758 in-flight 1G versus ground
ENSMUSG00000052217,71.39014839902475,-7.045230538430978,,,,7.045230538430978,OSD-758 in-flight 1G versus ground
ENSMUSG00000056054,34.551222359029175,6.962546360921653,S100a8,S100 calcium binding protein A8 (calgranulin A),8.38646157660696,6.962546360921653,OSD-758 in-flight 1G versus ground
ENSMUSG00000032484,34.722732945152416,6.538188994878462,Ngp,neutrophilic granule protein,7.67652287307419,6.538188994878462,OSD-758 in-flight 1G versus ground
ENSMUSG00000118751,125.87327321701122,-6.522454103447617,Gm22634|Gm23804|Gm26444,"predicted gene, 22634|predicted gene, 23804|predicted gene, 26444",0.533970126538429,6.522454103447617,OSD-758 in-flight 1G versus ground
ENSMUSG00000050063,47.38431618200148,-6.482049584134995,Klk6,kallikrein related-peptidase 6,-5.6803444697834,6.482049584134995,OSD-758 in-flight 1G versus ground
ENSMUSG00000076439,55.06110184672338,-6.456259296079471,Mog,myelin oligodendrocyte glycoprotein,-5.59729060967991,6.456259296079471,OSD-758 in-flight 1G versus ground
ENSMUSG00000009350,13.996144280674397,6.218646114918907,Mpo,myeloperoxidase,21.3015374068657,6.218646114918907,OSD-758 in-flight 1G versus ground
ENSMUSG00000056071,20.395477947110024,5.908412314705999,S100a9,S100 calcium binding protein A9 (calgranulin B),6.84728263074961,5.908412314705999,OSD-758 in-flight 1G versus ground
ENSMUSG00000032517,610.521459883062,-5.903560872284057,Mobp,myelin-associated oligodendrocytic basic protein,-3.71997125884028,5.903560872284057,OSD-758 in-flight 1G versus ground
ENSMUSG00000047889,26.56584314751971,5.709726760400954,Serpinb6d,"serine (or cysteine) peptidase inhibitor, clade B, member 6d",5.81800382182809,5.709726760400954,OSD-758 in-flight 1G versus ground
ENSMUSG00000040809,16.722739678713154,5.593884967445832,Chil3,chitinase-like 3,5.95909041408911,5.593884967445832,OSD-758 in-flight 1G versus ground
ENSMUSG00000050010,88.0315964662154,5.501145601216899,Shisa3,shisa family member 3,6.21410906842791,5.501145601216899,OSD-758 in-flight 1G versus ground
ENSMUSG00000000031,492.9520250974085,5.148000382818434,H19,"H19, imprinted maternally expressed transcript",5.23564446452659,5.148000382818434,OSD-758 in-flight 1G versus ground
ENSMUSG00000026416,25.014498945530757,5.051457209442773,Il20,interleukin 20,5.26297559171034,5.051457209442773,OSD-758 in-flight 1G versus ground
ENSMUSG00000095213,42.95531042159223,4.905416006360688,,,4.92495602943099,4.905416006360688,OSD-758 in-flight 1G versus ground
ENSMUSG00000078507,63.068715314159505,4.833446167668902,Aadacl3,arylacetamide deacetylase like 3,4.91528655014773,4.833446167668902,OSD-758 in-flight 1G versus ground
ENSMUSG00000078505,18.71691935933891,4.58896838650542,Aadacl4fm4,AADACL4 family member 4,4.67105732886324,4.58896838650542,OSD-758 in-flight 1G versus ground
ENSMUSG00000070609,10.576523621398444,4.445424116951235,Aadacl4,arylacetamide deacetylase like 4,5.0500104781322,4.445424116951235,OSD-758 in-flight 1G versus ground
ENSMUSG00000039830,10.689172762513723,-4.3578895179446695,Olig2,oligodendrocyte transcription factor 2,-4.81225665252103,4.3578895179446695,OSD-758 in-flight 1G versus ground
ENSMUSG00000039092,201.4608775067037,4.299289431548982,Sptlc3,"serine palmitoyltransferase, long chain base subunit 3",4.34563572374831,4.299289431548982,OSD-758 in-flight 1G versus ground
ENSMUSG00000032496,10.915515137448175,4.217137064736842,Ltf,lactotransferrin,3.94169824770555,4.217137064736842,OSD-758 in-flight 1G versus ground
ENSMUSG00000046160,37.48189027075191,-4.18328239510109,Olig1,oligodendrocyte transcription factor 1,-2.94619915764243,4.18328239510109,OSD-758 in-flight 1G versus ground
ENSMUSG00000028593,309.22609574441896,4.1576895533462706,Aadacl4fm1,AADACL4 family member 1,4.21342200096126,4.1576895533462706,OSD-758 in-flight 1G versus ground
ENSMUSG00000078998,1380.0315869446774,4.1045209182898095,Bpifa6,"BPI fold containing family A, member 6",4.12533054038912,4.1045209182898095,OSD-758 in-flight 1G versus ground
ENSMUSG00000052229,11.768577257472188,-4.103762826317462,Gpr17,G protein-coupled receptor 17,-3.5645303685705,4.103762826317462,OSD-758 in-flight 1G versus ground
ENSMUSG00000027761,40.81636002589502,4.07215159799493,Aadac,arylacetamide deacetylase,3.42269679331902,4.07215159799493,OSD-758 in-flight 1G versus ground
ENSMUSG00000038754,103.4469456919281,4.005655786916436,Elovl3,ELOVL fatty acid elongase 3,4.0562934657105,4.005655786916436,OSD-758 in-flight 1G versus ground
ENSMUSG00000030483,39.1909856490314,3.993282813415619,Cyp2b10,"cytochrome P450, family 2, subfamily b, polypeptide 10",3.85873302707581,3.993282813415619,OSD-758 in-flight 1G versus ground
ENSMUSG00000006574,16.36050926691901,3.947456033455279,Slc4a1,"solute carrier family 4 (anion exchanger), member 1",4.09838275374484,3.947456033455279,OSD-758 in-flight 1G versus ground
ENSMUSG00000089675,49.27475844927908,3.932844606654001,Ugt1a8,"UDP glucuronosyltransferase 1 family, polypeptide A8",4.23546884473501,3.932844606654001,OSD-758 in-flight 1G versus ground
ENSMUSG00000061877,158.46180984540598,3.8706546477825166,BC048679,cDNA sequence BC048679,4.07940166771322,3.8706546477825166,OSD-758 in-flight 1G versus ground
ENSMUSG00000099717,11.459737343650552,3.8406617221692656,Gm9451,ribosomal protein L6 pseudogene,3.76919928855387,3.8406617221692656,OSD-758 in-flight 1G versus ground
ENSMUSG00000036634,168.25562941928794,-3.719164174273673,Mag,myelin-associated glycoprotein,0.0485545839005107,3.719164174273673,OSD-758 in-flight 1G versus ground
ENSMUSG00000019278,14.28837643883436,3.6948022411907573,Dpep1,dipeptidase 1,3.64631101214462,3.6948022411907573,OSD-758 in-flight 1G versus ground
ENSMUSG00000029372,22.24651715371581,3.6798034279989347,Ppbp,pro-platelet basic protein,3.80767123938874,3.6798034279989347,OSD-758 in-flight 1G versus ground
ENSMUSG00000050121,10.84545347990982,-3.6205337248163256,Opalin,oligodendrocytic myelin paranodal and inner loop protein,-4.89127724791027,3.6205337248163256,OSD-758 in-flight 1G versus ground
ENSMUSG00000050578,19.774698636690648,3.618394972659188,Mmp13,matrix metallopeptidase 13,4.39261297966046,3.618394972659188,OSD-758 in-flight 1G versus ground
ENSMUSG00000043430,368.5485516183069,3.5340259861030456,Psapl1,prosaposin-like 1,3.59004494282283,3.5340259861030456,OSD-758 in-flight 1G versus ground
ENSMUSG00002075501,81.56619981602486,-3.528763972911055,,,,3.528763972911055,OSD-758 in-flight 1G versus ground
ENSMUSG00000039084,24.66076035434904,3.5150504993654197,Chad,chondroadherin,3.74764054731209,3.5150504993654197,OSD-758 in-flight 1G versus ground
ENSMUSG00000013523,148.4311498189533,-3.432231752539829,Bcas1,brain enriched myelin associated protein 1,-1.51482543188875,3.432231752539829,OSD-758 in-flight 1G versus ground
ENSMUSG00000030762,13.387388960244714,3.417519220098931,Aqp8,aquaporin 8,3.70789972779127,3.417519220098931,OSD-758 in-flight 1G versus ground
ENSMUSG00000038242,52.39351188890316,3.406423364881182,Aox4,aldehyde oxidase 4,3.6251972705441,3.406423364881182,OSD-758 in-flight 1G versus ground
ENSMUSG00000091345,17.352476369347468,3.3965865745279835,Col6a5,"collagen, type VI, alpha 5",3.34677332975088,3.3965865745279835,OSD-758 in-flight 1G versus ground
ENSMUSG00000066072,26.343818786888,3.328702786723557,Cyp4a10,"cytochrome P450, family 4, subfamily a, polypeptide 10",3.40584176132888,3.328702786723557,OSD-758 in-flight 1G versus ground
ENSMUSG00000066704,47.303283744009,3.294786424784912,Cyp2b19,"cytochrome P450, family 2, subfamily b, polypeptide 19",3.40563494703277,3.294786424784912,OSD-758 in-flight 1G versus ground
ENSMUSG00000056569,54.5349487972588,3.2727822778191444,Mpz,myelin protein zero,4.89150447555571,3.2727822778191444,OSD-758 in-flight 1G versus ground
ENSMUSG00000027513,18.60674326913096,3.268268943380065,Pck1,"phosphoenolpyruvate carboxykinase 1, cytosolic",3.46550382989555,3.268268943380065,OSD-758 in-flight 1G versus ground
ENSMUSG00000054641,10.528404853342742,3.223879429610081,Mmrn1,multimerin 1,3.56300487936007,3.223879429610081,OSD-758 in-flight 1G versus ground
ENSMUSG00000031425,1853.9424412965532,-3.2006068145992153,Plp1,proteolipid protein (myelin) 1,-1.60741849965414,3.2006068145992153,OSD-758 in-flight 1G versus ground
ENSMUSG00000056380,14.744608416962071,-3.186095732505369,Gpr50,G-protein-coupled receptor 50,-3.4955124075143,3.186095732505369,OSD-758 in-flight 1G versus ground
ENSMUSG00000076609,23.398110215230734,3.1779815782025955,Igkc,immunoglobulin kappa constant,3.35019410927037,3.1779815782025955,OSD-758 in-flight 1G versus ground
ENSMUSG00000072845,62.44131562436223,-3.177962168918731,Tmprss11a,"transmembrane protease, serine 11a",-3.24697652448361,3.177962168918731,OSD-758 in-flight 1G versus ground
ENSMUSG00000037625,257.94776940516084,-3.159079438074242,Cldn11,claudin 11,0.58964927988356,3.159079438074242,OSD-758 in-flight 1G versus ground
ENSMUSG00000001506,419.2284793134447,3.1588079603693746,Col1a1,"collagen, type I, alpha 1",3.27226257302895,3.1588079603693746,OSD-758 in-flight 1G versus ground
ENSMUSG00000017309,14.66796871236664,3.1083486059820653,Cd300lg,CD300 molecule like family member G,3.11951877532226,3.1083486059820653,OSD-758 in-flight 1G versus ground
ENSMUSG00000054342,19.698067430512992,3.017187845113539,Kcnn4,"potassium intermediate/small conductance calcium-activated channel, subfamily N, member 4",2.99695612964836,3.017187845113539,OSD-758 in-flight 1G versus ground
ENSMUSG00000059898,141.10166905416912,-3.009852490678234,Dsc3,desmocollin 3,0.638156852882077,3.009852490678234,OSD-758 in-flight 1G versus ground
ENSMUSG00000067597,26.827257883252884,2.992320932263512,Dgat2l6,diacylglycerol O-acyltransferase 2-like 6,3.63528519596511,2.992320932263512,OSD-758 in-flight 1G versus ground
ENSMUSG00000004552,14.757312865850427,2.9835328920771143,Ctse,cathepsin E,3.65018249440252,2.9835328920771143,OSD-758 in-flight 1G versus ground
ENSMUSG00000046714,15.70767810788187,2.9715465666330063,Foxc2,forkhead box C2,3.197378272877,2.9715465666330063,OSD-758 in-flight 1G versus ground
ENSMUSG00000005836,16.615097099093894,2.9456581980936694,Gata6,GATA binding protein 6,3.22582623018743,2.9456581980936694,OSD-758 in-flight 1G versus ground
ENSMUSG00000025202,892.4525328511214,2.868334989879072,Scd3,stearoyl-coenzyme A desaturase 3,2.45774057093296,2.868334989879072,OSD-758 in-flight 1G versus ground
ENSMUSG00000037362,25.607802072347443,2.7977381909370598,Ccn3,cellular communication network factor 3,3.05465576482515,2.7977381909370598,OSD-758 in-flight 1G versus ground
ENSMUSG00000004894,17.867521239869607,-2.7055565618590123,Hapln2,hyaluronan and proteoglycan link protein 2,-3.61219966121467,2.7055565618590123,OSD-758 in-flight 1G versus ground
ENSMUSG00000035187,11.6444447385583,-2.6510123206500396,Nkx6-1,NK6 homeobox 1,-1.80194540835312,2.6510123206500396,OSD-758 in-flight 1G versus ground
ENSMUSG00000062826,10.886149655984093,-2.635424395463136,Ces2f,carboxylesterase 2F,-2.24256342892006,2.635424395463136,OSD-758 in-flight 1G versus ground
ENSMUSG00000024354,11.342275288225894,2.6319859818689992,Slc23a1,"solute carrier family 23 (nucleobase transporters), member 1",3.00966861273975,2.6319859818689992,OSD-758 in-flight 1G versus ground
ENSMUSG00000051225,55.830509699141686,-2.629614428695609,Fam83a,"family with sequence similarity 83, member A",1.05217290698933,2.629614428695609,OSD-758 in-flight 1G versus ground
ENSMUSG00000037440,15.192856943847467,2.525111906563426,Vnn1,vanin 1,2.34362003282499,2.525111906563426,OSD-758 in-flight 1G versus ground
ENSMUSG00000032925,23.526772986983044,2.5175041879521163,Itgbl1,"integrin, beta-like 1",2.77224105963006,2.5175041879521163,OSD-758 in-flight 1G versus ground
ENSMUSG00000019368,13.646225159781942,2.5143136491497624,Sec14l4,SEC14-like lipid binding 4,2.7133079688922,2.5143136491497624,OSD-758 in-flight 1G versus ground
ENSMUSG00000067996,11.747734307553612,2.5062978489548318,Bpifb9b,"BPI fold containing family B, member 9B",2.75763463232562,2.5062978489548318,OSD-758 in-flight 1G versus ground
ENSMUSG00000020912,1483.2161735233838,-2.4864603478377716,Krt12,keratin 12,0.861714258697505,2.4864603478377716,OSD-758 in-flight 1G versus ground
ENSMUSG00000056632,81.5400686505867,-2.4833476097316796,Dsg3,desmoglein 3,0.707906615516329,2.4833476097316796,OSD-758 in-flight 1G versus ground
ENSMUSG00000026043,128.82585999677931,2.3818108080816387,Col3a1,"collagen, type III, alpha 1",1.99182352529953,2.3818108080816387,OSD-758 in-flight 1G versus ground
ENSMUSG00000091618,33.46361784669054,-2.3727082006493068,H60c,histocompatibility 60c,0.49670134956102,2.3727082006493068,OSD-758 in-flight 1G versus ground
ENSMUSG00000069441,139.5352555224199,-2.3541922156486303,Dsg1a,desmoglein 1 alpha,-2.39985551444224,2.3541922156486303,OSD-758 in-flight 1G versus ground
ENSMUSG00000036446,56.270930099654755,2.3483282225063498,Lum,lumican,2.50786757238258,2.3483282225063498,OSD-758 in-flight 1G versus ground
ENSMUSG00000038217,66.9260707502552,2.3353058932805144,Tlcd2,TLC domain containing 2,2.50309024402394,2.3353058932805144,OSD-758 in-flight 1G versus ground
ENSMUSG00000047797,38.242287411126085,-2.324910382366071,Gjb1,"gap junction protein, beta 1",-1.54724986088801,2.324910382366071,OSD-758 in-flight 1G versus ground
ENSMUSG00000022596,78.83348600725493,-2.32459911645959,Slurp1,secreted Ly6/Plaur domain containing 1,-2.07328934902242,2.32459911645959,OSD-758 in-flight 1G versus ground
ENSMUSG00000007480,27.200697931774382,2.3229343531185185,Mc5r,melanocortin 5 receptor,2.38451593514214,2.3229343531185185,OSD-758 in-flight 1G versus ground
ENSMUSG00000024529,61.15369991181259,2.3177955546522515,Lox,lysyl oxidase,2.38981974877967,2.3177955546522515,OSD-758 in-flight 1G versus ground
ENSMUSG00000048368,16.99379123838459,2.312361270421903,Omd,osteomodulin,2.51182732830862,2.312361270421903,OSD-758 in-flight 1G versus ground
ENSMUSG00000038418,2440.348724769515,2.3113410699069763,Egr1,early growth response 1,2.34825610149963,2.3113410699069763,OSD-758 in-flight 1G versus ground
ENSMUSG00000022371,55.48522545257271,2.3008505641028654,Col14a1,"collagen, type XIV, alpha 1",2.45383246863194,2.3008505641028654,OSD-758 in-flight 1G versus ground
ENSMUSG00000078597,33.98951905724962,-2.300073037214757,Cyp4a12b,"cytochrome P450, family 4, subfamily a, polypeptide 12B",0.201555978559841,2.300073037214757,OSD-758 in-flight 1G versus ground
ERCC-00028,18.845922723098045,2.295872160980421,,,,2.295872160980421,OSD-758 in-flight 1G versus ground
ENSMUSG00000056966,28.200974077834317,-2.295087400938608,Gjc3,"gap junction protein, gamma 3",-1.23292879510949,2.295087400938608,OSD-758 in-flight 1G versus ground
ENSMUSG00000035861,45.68902147040069,-2.2771354863420346,Tmprss11b,"transmembrane protease, serine 11B",0.350862028341449,2.2771354863420346,OSD-758 in-flight 1G versus ground
ENSMUSG00000046186,70.84801416796275,-2.2750062920807816,Cd109,CD109 antigen,-2.19621386995743,2.2750062920807816,OSD-758 in-flight 1G versus ground
ENSMUSG00000053198,77.73783295382938,2.272709975033659,Prx,periaxin,2.35813756951346,2.272709975033659,OSD-758 in-flight 1G versus ground
ERCC-00170,118.72426913589594,2.2492051599773797,,,,2.2492051599773797,OSD-758 in-flight 1G versus ground
ENSMUSG00000027186,54.038051385677484,2.245560971510774,Elf5,E74-like factor 5,2.34523666278074,2.245560971510774,OSD-758 in-flight 1G versus ground
ENSMUSG00000037071,4340.162005314624,2.230524995569855,Scd1,stearoyl-Coenzyme A desaturase 1,2.06168138412823,2.230524995569855,OSD-758 in-flight 1G versus ground
ENSMUSG00000016024,21.06487825240113,2.2161295098606413,Lbp,lipopolysaccharide binding protein,2.38954197361716,2.2161295098606413,OSD-758 in-flight 1G versus ground
ENSMUSG00000032401,202.00757728934124,2.205348264832851,Lctl,lactase-like,2.29409343583743,2.205348264832851,OSD-758 in-flight 1G versus ground
ERCC-00004,22326.016012116866,2.1962002170878137,,,,2.1962002170878137,OSD-758 in-flight 1G versus ground
ENSMUSG00000042240,400.22416919458993,10.782987027954654,Crybb2,"crystallin, beta B2",26.9139997336648,10.782987027954654,OSD-203 7d radiation versus control
ENSMUSG00000024041,1089.6729351753345,9.862632779951426,Cryaa,"crystallin, alpha A",10.2419376316393,9.862632779951426,OSD-203 7d radiation versus control
ENSMUSG00000000724,222.27837457337694,9.030560888797655,Cryba1,"crystallin, beta A1",26.8190738098938,9.030560888797655,OSD-203 7d radiation versus control
ENSMUSG00000033501,145.11833001445981,8.644482823427188,Crygs,"crystallin, gamma S",25.3388437732437,8.644482823427188,OSD-203 7d radiation versus control
ENSMUSG00000006546,103.02211607555019,7.870814007189772,Cryba2,"crystallin, beta A2",8.90518029049861,7.870814007189772,OSD-203 7d radiation versus control
ENSMUSG00000066975,62.176423211680564,6.928070133897654,Cryba4,"crystallin, beta A4",8.07290492889058,6.928070133897654,OSD-203 7d radiation versus control
ENSMUSG00000025389,26.1248446222492,6.857350503343513,Mip,major intrinsic protein of lens fiber,22.7232637671107,6.857350503343513,OSD-203 7d radiation versus control
ENSMUSG00000049908,19.278405812195135,5.07124099869957,Gja8,"gap junction protein, alpha 8",5.73884921956333,5.07124099869957,OSD-203 7d radiation versus control
ENSMUSG00000036586,13.383485905966474,4.702667423948713,Grifin,galectin-related inter-fiber protein,5.43566028444951,4.702667423948713,OSD-203 7d radiation versus control
ENSMUSG00000054146,107.85632042966678,4.377225798343088,Krt15,keratin 15,4.2064650694997,4.377225798343088,OSD-203 7d radiation versus control
ENSMUSG00000050217,20.502806194724702,4.169467189425404,Lgsn,"lengsin, lens protein with glutamine synthetase domain",4.75902131628122,4.169467189425404,OSD-203 7d radiation versus control
ENSMUSG00000022598,61.37594652171351,4.024354498578271,Psca,prostate stem cell antigen,4.09248061091834,4.024354498578271,OSD-203 7d radiation versus control
ENSMUSG00000118672,312.78073825715086,4.013420813606409,Muc4,mucin 4,4.23592944729379,4.013420813606409,OSD-203 7d radiation versus control
ENSMUSG00000044041,37.609610349480164,3.933912452678724,Krt13,keratin 13,3.97524195975098,3.933912452678724,OSD-203 7d radiation versus control
ENSMUSG00000023041,46.05709656101302,3.914576623663815,Krt6b,keratin 6B,3.97718008631917,3.914576623663815,OSD-203 7d radiation versus control
ENSMUSG00000027420,52.442142685277574,3.864840209353274,Bfsp1,"beaded filament structural protein 1, in lens-CP94",3.98035546769442,3.864840209353274,OSD-203 7d radiation versus control
ENSMUSG00000090588,107.2680547870395,3.855646606099356,Muc21,mucin 21,3.99771848952324,3.855646606099356,OSD-203 7d radiation versus control
ENSMUSG00000025491,16.291095807350505,3.640063544964908,Ifitm1,interferon induced transmembrane protein 1,3.82972015732466,3.640063544964908,OSD-203 7d radiation versus control
ENSMUSG00000029343,51.14670545508156,3.5959673903045766,Crybb1,"crystallin, beta B1",3.72857328128097,3.5959673903045766,OSD-203 7d radiation versus control
ENSMUSG00000061527,250.85724296180425,3.5896817575486133,Krt5,keratin 5,3.57691703064357,3.5896817575486133,OSD-203 7d radiation versus control
ENSMUSG00000058354,27.939026992809918,3.4521546383601236,Krt6a,keratin 6A,3.49273457759047,3.4521546383601236,OSD-203 7d radiation versus control
ENSMUSG00000019102,177.75474005125136,3.4394567876590805,Aldh3a1,"aldehyde dehydrogenase family 3, subfamily A1",3.41519436738633,3.4394567876590805,OSD-203 7d radiation versus control
ENSMUSG00000022595,22.093358552345265,3.4190944490294166,Lypd2,Ly6/Plaur domain containing 2,3.5871984922023,3.4190944490294166,OSD-203 7d radiation versus control
ENSMUSG00000030208,123.44695061424233,3.3658628163881263,Emp1,epithelial membrane protein 1,3.41523233481745,3.3658628163881263,OSD-203 7d radiation versus control
ENSMUSG00000029352,39.27850075931065,3.3589388728171423,Crybb3,"crystallin, beta B3",3.45565533445683,3.3589388728171423,OSD-203 7d radiation versus control
ENSMUSG00000056632,15.488750458033827,3.2643140366089796,Dsg3,desmoglein 3,3.49602888626857,3.2643140366089796,OSD-203 7d radiation versus control
ENSMUSG00000063130,70.60719567587516,3.246403572522947,Calml3,calmodulin-like 3,3.16047296016687,3.246403572522947,OSD-203 7d radiation versus control
ENSMUSG00000047586,33.01397833812435,3.235465311321776,Nccrp1,non-specific cytotoxic cell receptor protein 1 homolog (zebrafish),3.46033892727176,3.235465311321776,OSD-203 7d radiation versus control
ENSMUSG00000028435,21.36457475840157,3.1813752577561596,Aqp3,aquaporin 3,3.5003290821866,3.1813752577561596,OSD-203 7d radiation versus control
ENSMUSG00000032013,16.679202662388224,3.139601762522322,Trim29,tripartite motif-containing 29,3.30995834587005,3.139601762522322,OSD-203 7d radiation versus control
ENSMUSG00000069441,27.93001377630569,3.1041146641645945,Dsg1a,desmoglein 1 alpha,2.98259743870374,3.1041146641645945,OSD-203 7d radiation versus control
ENSMUSG00000042436,283.71711149690384,3.071289261217024,Mfap4,microfibrillar-associated protein 4,3.08014467696906,3.071289261217024,OSD-203 7d radiation versus control
ENSMUSG00000002020,304.82046270984665,3.0375593653361856,Ltbp2,latent transforming growth factor beta binding protein 2,2.80202134969581,3.0375593653361856,OSD-203 7d radiation versus control
ENSMUSG00000020651,161.45814057277045,3.0261495550328825,Slc26a4,"solute carrier family 26, member 4",2.96604114447312,3.0261495550328825,OSD-203 7d radiation versus control
ENSMUSG00000025150,13.107478605339832,3.0248147136648678,Cbr2,carbonyl reductase 2,3.26971243883964,3.0248147136648678,OSD-203 7d radiation versus control
ENSMUSG00000054889,118.52944872665408,3.0043341618763737,Dsp,desmoplakin,2.29503606410442,3.0043341618763737,OSD-203 7d radiation versus control
ENSMUSG00000010311,860.939056705655,2.979328949465854,Optc,opticin,2.97740202000067,2.979328949465854,OSD-203 7d radiation versus control
ENSMUSG00000073424,22.47461617148575,2.956519135395198,Cyp4f15,"cytochrome P450, family 4, subfamily f, polypeptide 15",2.83215436744619,2.956519135395198,OSD-203 7d radiation versus control
ENSMUSG00000052819,67.41385660091352,2.940348155236236,Best2,bestrophin 2,3.00561962036956,2.940348155236236,OSD-203 7d radiation versus control
ENSMUSG00000018339,2876.915780233262,2.935266832265789,Gpx3,glutathione peroxidase 3,2.91243117935382,2.935266832265789,OSD-203 7d radiation versus control
ENSMUSG00000074207,21.415256288433373,2.927487131933475,Adh1,alcohol dehydrogenase 1 (class I),2.98895608915348,2.927487131933475,OSD-203 7d radiation versus control
ENSMUSG00000020912,265.7486798864489,2.911401012740056,Krt12,keratin 12,2.92144948243824,2.911401012740056,OSD-203 7d radiation versus control
ENSMUSG00000003051,10.763282560495911,2.910718451306793,Elf3,E74-like factor 3,2.99679434381835,2.910718451306793,OSD-203 7d radiation versus control
ENSMUSG00000006369,1068.2540378506894,2.9059046208433563,Fbln1,fibulin 1,2.85850470089167,2.9059046208433563,OSD-203 7d radiation versus control
ENSMUSG00000035638,15.732033310656556,2.9027356497545043,Muc20,mucin 20,3.07611303540466,2.9027356497545043,OSD-203 7d radiation versus control
ENSMUSG00000047230,93.76188795144284,2.89925941673597,Cldn2,claudin 2,2.93895671816805,2.89925941673597,OSD-203 7d radiation versus control
ENSMUSG00000026579,509.30231403415763,2.8914363492512534,F5,coagulation factor V,2.89515189162098,2.8914363492512534,OSD-203 7d radiation versus control
ENSMUSG00000072941,563.1648178460988,2.890119165489897,Sod3,"superoxide dismutase 3, extracellular",2.88280925033777,2.890119165489897,OSD-203 7d radiation versus control
ENSMUSG00000056973,11.13000724064773,2.8640780800997683,Ces1d,carboxylesterase 1D,3.56349055554044,2.8640780800997683,OSD-203 7d radiation versus control
ENSMUSG00000032068,27.925746828864774,2.852687205805618,Plet1,placenta expressed transcript 1,2.81199361239559,2.852687205805618,OSD-203 7d radiation versus control
ENSMUSG00000033508,48.6182406898424,2.8506014659616006,Asprv1,"aspartic peptidase, retroviral-like 1",3.07777162541942,2.8506014659616006,OSD-203 7d radiation versus control
ENSMUSG00000045573,1726.6325938069406,2.849052330922945,Penk,preproenkephalin,2.74018868905043,2.849052330922945,OSD-203 7d radiation versus control
ENSMUSG00000015134,16.69895313184909,2.820314648201504,Aldh1a3,"aldehyde dehydrogenase family 1, subfamily A3",2.30080003795396,2.820314648201504,OSD-203 7d radiation versus control
ENSMUSG00000021614,473.6235397920878,2.791424289631653,Vcan,versican,2.85531275640388,2.791424289631653,OSD-203 7d radiation versus control
ENSMUSG00000009378,55.60807373542097,2.780887880607887,Slc16a12,"solute carrier family 16 (monocarboxylic acid transporters), member 12",2.79984382414052,2.780887880607887,OSD-203 7d radiation versus control
ENSMUSG00000041559,488.3660051636287,2.7495721727044375,Fmod,fibromodulin,2.74114418256326,2.7495721727044375,OSD-203 7d radiation versus control
ENSMUSG00000059898,10.027136463833857,2.7086152234457255,Dsc3,desmocollin 3,2.92769582717387,2.7086152234457255,OSD-203 7d radiation versus control
ENSMUSG00000037185,18.814315560136148,2.7023407525535816,Krt80,keratin 80,2.62926147129299,2.7023407525535816,OSD-203 7d radiation versus control
ENSMUSG00000055301,11.343557840024836,2.6939709931737608,Adh7,"alcohol dehydrogenase 7 (class IV), mu or sigma polypeptide",2.3008727739154,2.6939709931737608,OSD-203 7d radiation versus control
ENSMUSG00000021390,128.8899929081557,2.691799078774483,Ogn,osteoglycin,2.73605277994733,2.691799078774483,OSD-203 7d radiation versus control
ENSMUSG00000024598,60.35114450271555,2.6862864518635465,Fbn2,fibrillin 2,2.39193250532233,2.6862864518635465,OSD-203 7d radiation versus control
ENSMUSG00000022596,16.824763025722334,2.6623835779244462,Slurp1,secreted Ly6/Plaur domain containing 1,3.03964780690846,2.6623835779244462,OSD-203 7d radiation versus control
ENSMUSG00000026712,22.311594325610486,2.619041041578354,Mrc1,"mannose receptor, C type 1",2.67486967139328,2.619041041578354,OSD-203 7d radiation versus control
ENSMUSG00000034382,65.23712040942904,2.6147567652501746,AI661453,expressed sequence AI661453,2.68383727385823,2.6147567652501746,OSD-203 7d radiation versus control
ENSMUSG00000029843,189.23709382696862,2.592576851933182,Slc13a4,"solute carrier family 13 (sodium/sulfate symporters), member 4",2.58252989098609,2.592576851933182,OSD-203 7d radiation versus control
ENSMUSG00000066058,77.11149797438127,2.587777049421968,Cldn19,claudin 19,2.78787536889635,2.587777049421968,OSD-203 7d radiation versus control
ENSMUSG00000054537,24.521591214260923,2.5543212656834626,Tmprss11e,"transmembrane protease, serine 11e",2.67922954732958,2.5543212656834626,OSD-203 7d radiation versus control
ENSMUSG00000050953,695.8998417253823,2.549567636024781,Gja1,"gap junction protein, alpha 1",2.53837080421016,2.549567636024781,OSD-203 7d radiation versus control
ENSMUSG00000075707,51.571948699257085,2.531822550792653,Dio3,"deiodinase, iodothyronine type III",2.54598336068094,2.531822550792653,OSD-203 7d radiation versus control
ENSMUSG00000044393,44.32006160487526,2.530067209595499,Dsg2,desmoglein 2,2.52415988279116,2.530067209595499,OSD-203 7d radiation versus control
ENSMUSG00000040562,17.08472488695895,2.5232665099642246,Gstm2,"glutathione S-transferase, mu 2",2.59672051005078,2.5232665099642246,OSD-203 7d radiation versus control
ENSMUSG00000050671,42.0142034787461,2.5147881831387435,Ism2,isthmin 2,2.47272605873569,2.5147881831387435,OSD-203 7d radiation versus control
ENSMUSG00000028600,77.21714315017196,2.473757131230022,Podn,podocan,2.24025840671132,2.473757131230022,OSD-203 7d radiation versus control
ENSMUSG00000027358,92.92419966724873,2.4656229359906994,Bmp2,bone morphogenetic protein 2,2.43941761751227,2.4656229359906994,OSD-203 7d radiation versus control
ENSMUSG00000005917,101.03910644550383,2.4575216540281235,Otx1,orthodenticle homeobox 1,2.45188264804433,2.4575216540281235,OSD-203 7d radiation versus control
ENSMUSG00000091155,97.49966042849881,2.4552474699672566,Serpine3,"serpin peptidase inhibitor, clade E (nexin, plasminogen activator inhibitor type 1), member 3",2.4529571194501,2.4552474699672566,OSD-203 7d radiation versus control
ENSMUSG00000078234,80.46330753255619,2.4546345461250563,Klhdc7a,kelch domain containing 7A,2.43824222977356,2.4546345461250563,OSD-203 7d radiation versus control
ENSMUSG00000020592,26.779041558430773,2.446525039779356,Sdc1,syndecan 1,2.7241252870187,2.446525039779356,OSD-203 7d radiation versus control
ENSMUSG00000022123,64.97580251838403,2.399796861948851,Scel,sciellin,2.53440839450464,2.399796861948851,OSD-203 7d radiation versus control
ENSMUSG00000047793,1838.2237369834818,2.383639707596594,Sned1,"sushi, nidogen and EGF-like domains 1",2.24278058216349,2.383639707596594,OSD-203 7d radiation versus control
ENSMUSG00000020695,92.40955817915724,2.377418732740707,Mrc2,"mannose receptor, C type 2",2.27539740017911,2.377418732740707,OSD-203 7d radiation versus control
ENSMUSG00000030108,184.66194745976168,2.36807417184325,Slc6a13,"solute carrier family 6 (neurotransmitter transporter, GABA), member 13",2.29863757619419,2.36807417184325,OSD-203 7d radiation versus control
ENSMUSG00000032092,26.48706818896105,2.359622348044614,Mpzl2,myelin protein zero-like 2,2.18143817677713,2.359622348044614,OSD-203 7d radiation versus control
ENSMUSG00000034224,20.213243309696185,2.3470919727689266,Slc38a8,"solute carrier family 38, member 8",2.49632545818648,2.3470919727689266,OSD-203 7d radiation versus control
ENSMUSG00000026051,10.891628177791787,2.3466061568282934,Ecrg4,ECRG4 augurin precursor,2.47468554372056,2.3466061568282934,OSD-203 7d radiation versus control
ENSMUSG00000007097,2471.951875550245,2.334300947139217,Atp1a2,"ATPase, Na+/K+ transporting, alpha 2 polypeptide",2.32198513283714,2.334300947139217,OSD-203 7d radiation versus control
ENSMUSG00000026483,633.4744766372492,2.3324687263789037,Niban1,niban apoptosis regulator 1,2.28901276315669,2.3324687263789037,OSD-203 7d radiation versus control
ENSMUSG00000021680,154.5364540450064,2.326086818371472,Crhbp,corticotropin releasing hormone binding protein,2.31374776038701,2.326086818371472,OSD-203 7d radiation versus control
ENSMUSG00000029831,10.258441359503196,2.3256565871858865,Npvf,neuropeptide VF precursor,2.50147470995614,2.3256565871858865,OSD-203 7d radiation versus control
ENSMUSG00000046618,383.3469973665935,2.2848580801676417,Olfml2a,olfactomedin-like 2A,2.27324904187146,2.2848580801676417,OSD-203 7d radiation versus control
ENSMUSG00000021806,96.33444276095057,2.2772161808347002,Nid2,nidogen 2,2.16821319311687,2.2772161808347002,OSD-203 7d radiation versus control
ENSMUSG00000027536,25.843284428934304,2.2755516678598355,Chmp4c,charged multivesicular body protein 4C,2.328285831497,2.2755516678598355,OSD-203 7d radiation versus control
ENSMUSG00000079339,23.84953226039771,2.274089315015249,Ifit1bl1,interferon induced protein with tetratricpeptide repeats 1B like 1,2.23353506501547,2.274089315015249,OSD-203 7d radiation versus control
ENSMUSG00000021835,111.40042217460154,2.271727501939478,Bmp4,bone morphogenetic protein 4,2.51735105543087,2.271727501939478,OSD-203 7d radiation versus control
ENSMUSG00000032556,23.531616276172123,2.2670111888852893,Bfsp2,"beaded filament structural protein 2, phakinin",2.27088387036863,2.2670111888852893,OSD-203 7d radiation versus control
ENSMUSG00000050370,16.589505014918007,2.253619693956033,Ch25h,cholesterol 25-hydroxylase,2.32336166351732,2.253619693956033,OSD-203 7d radiation versus control
ENSMUSG00000042985,19.72313529798925,2.252870392407972,Upk3b,uroplakin 3B,2.39615002761829,2.252870392407972,OSD-203 7d radiation versus control
ENSMUSG00000035493,31.564042869878236,2.249519510035205,Tgfbi,"transforming growth factor, beta induced",2.16577540451944,2.249519510035205,OSD-203 7d radiation versus control
ENSMUSG00000030849,105.39441711421188,2.245559982646734,Fgfr2,fibroblast growth factor receptor 2,2.05783634199309,2.245559982646734,OSD-203 7d radiation versus control
ENSMUSG00000039774,16.03129685448769,2.2421983421822542,Galnt12,polypeptide N-acetylgalactosaminyltransferase 12,2.23009998474255,2.2421983421822542,OSD-203 7d radiation versus control
ENSMUSG00000006369,172.83873496358345,-3.286276162024536,Fbln1,fibulin 1,-3.22216360871602,3.286276162024536,OSD-203 7d hlu versus control
ENSMUSG00000020912,42.57672979261423,-3.267486433675308,Krt12,keratin 12,-3.36465805981364,3.267486433675308,OSD-203 7d hlu versus control
ENSMUSG00000010311,133.8012650370874,-3.1878836080027173,Optc,opticin,-3.19734388217858,3.1878836080027173,OSD-203 7d hlu versus control
ENSMUSG00000002020,45.67322399426847,-3.0918543331490738,Ltbp2,latent transforming growth factor beta binding protein 2,-2.98101907940463,3.0918543331490738,OSD-203 7d hlu versus control
ENSMUSG00000020651,24.363247340420052,-2.938188788878206,Slc26a4,"solute carrier family 26, member 4",-3.13421299647169,2.938188788878206,OSD-203 7d hlu versus control
ENSMUSG00000013523,17.39798976522534,2.9257817955163716,Bcas1,brain enriched myelin associated protein 1,2.9270039674285,2.9257817955163716,OSD-203 7d hlu versus control
ENSMUSG00000042436,42.50250036320983,-2.722953541761116,Mfap4,microfibrillar-associated protein 4,-2.76410230827609,2.722953541761116,OSD-203 7d hlu versus control
ENSMUSG00000061527,27.465671598296296,-2.524076950694271,Krt5,keratin 5,-2.91060796835561,2.524076950694271,OSD-203 7d hlu versus control
ENSMUSG00000032517,50.25550332218429,2.428475973318204,Mobp,myelin-associated oligodendrocytic basic protein,2.32705722956437,2.428475973318204,OSD-203 7d hlu versus control
ENSMUSG00000067543,14.891823040873373,-2.3623503253255858,Prb1a,proline-rich protein BstNI subfamily 1A,-2.25407207980798,2.3623503253255858,OSD-203 7d hlu versus control
ENSMUSG00000054889,18.786637018013998,-2.3334588052235907,Dsp,desmoplakin,-2.70187456433245,2.3334588052235907,OSD-203 7d hlu versus control
ENSMUSG00000045573,308.7359684799079,-2.2505337074212526,Penk,preproenkephalin,-2.3773112394453,2.2505337074212526,OSD-203 7d hlu versus control
ENSMUSG00000026579,88.62886223451748,-2.2340631814444003,F5,coagulation factor V,-2.25566390103012,2.2340631814444003,OSD-203 7d hlu versus control
ENSMUSG00000065701,6655.910749835314,2.089094043594638,Rny1,"RNA, Y1 small cytoplasmic, Ro-associated",2.08152013803868,2.089094043594638,OSD-203 7d hlu versus control
ENSMUSG00000036634,17.257350272090576,2.073115533492451,Mag,myelin-associated glycoprotein,2.49383406921759,2.073115533492451,OSD-203 7d hlu versus control
ENSMUSG00000019102,22.13654705188589,-2.066639393890562,Aldh3a1,"aldehyde dehydrogenase family 3, subfamily A1",-2.18419656938698,2.066639393890562,OSD-203 7d hlu versus control
ENSMUSG00000021614,89.58842693211618,-1.977361368748492,Vcan,versican,-1.63945301506974,1.977361368748492,OSD-203 7d hlu versus control
ENSMUSG00000029843,40.0438829518756,-1.9655707806895262,Slc13a4,"solute carrier family 13 (sodium/sulfate symporters), member 4",-1.90284318808969,1.9655707806895262,OSD-203 7d hlu versus control
ENSMUSG00000018339,503.2983338275617,-1.9400055440981094,Gpx3,glutathione peroxidase 3,-1.96320633444297,1.9400055440981094,OSD-203 7d hlu versus control
ENSMUSG00000047230,16.386758531309866,-1.9265358845739986,Cldn2,claudin 2,-1.72716120897012,1.9265358845739986,OSD-203 7d hlu versus control
ENSMUSG00000052819,11.495109926855573,-1.8289418769832229,Best2,bestrophin 2,-2.10445068990736,1.8289418769832229,OSD-203 7d hlu versus control
ENSMUSG00000118672,28.160953485611163,-1.7193240221756787,Muc4,mucin 4,-1.59088812215492,1.7193240221756787,OSD-203 7d hlu versus control
ENSMUSG00000037625,14.165580786028476,1.6399444459962793,Cldn11,claudin 11,1.65723497965127,1.6399444459962793,OSD-203 7d hlu versus control
ENSMUSG00000021680,39.61879841310376,-1.6108855321721913,Crhbp,corticotropin releasing hormone binding protein,-1.65067709246214,1.6108855321721913,OSD-203 7d hlu versus control
ENSMUSG00000072941,105.60949068534433,-1.545581905092883,Sod3,"superoxide dismutase 3, extracellular",-1.56915275904968,1.545581905092883,OSD-203 7d hlu versus control
ENSMUSG00000031425,200.14898932061445,1.5323567263369138,Plp1,proteolipid protein (myelin) 1,1.32736193652837,1.5323567263369138,OSD-203 7d hlu versus control
ENSMUSG00000034382,14.104051790018577,-1.5176006376139122,AI661453,expressed sequence AI661453,-1.79855505330274,1.5176006376139122,OSD-203 7d hlu versus control
ENSMUSG00000009378,10.819408041991073,-1.5116684875133521,Slc16a12,"solute carrier family 16 (monocarboxylic acid transporters), member 12",-1.34705830084997,1.5116684875133521,OSD-203 7d hlu versus control
ENSMUSG00000090588,10.704550171648268,-1.5058037736560164,Muc21,mucin 21,-1.62395139088743,1.5058037736560164,OSD-203 7d hlu versus control
ENSMUSG00000024806,23.912596123742127,-1.5000640451992155,Mlana,melan-A,-1.5539242327473,1.5000640451992155,OSD-203 7d hlu versus control
ENSMUSG00000116295,10.569032306488296,-1.4663446063705463,,,-1.06063263030017,1.4663446063705463,OSD-203 7d hlu versus control
ENSMUSG00000102503,13.922456823823811,1.362617539959029,,,1.34441379610585,1.362617539959029,OSD-203 7d hlu versus control
ENSMUSG00000104625,28.41953987871678,1.3591720583741733,,,1.31853014899768,1.3591720583741733,OSD-203 7d hlu versus control
ENSMUSG00000005917,24.887626164883713,-1.316329338531197,Otx1,orthodenticle homeobox 1,-1.40145259761094,1.316329338531197,OSD-203 7d hlu versus control
ENSMUSG00000102212,12.235046075841579,1.3077095254442397,,,1.42192076708562,1.3077095254442397,OSD-203 7d hlu versus control
ENSMUSG00000108689,13.227348877210227,1.3002741285308126,,,1.32334317149807,1.3002741285308126,OSD-203 7d hlu versus control
ENSMUSG00000025359,106.64196233807388,-1.2877995870512133,Pmel,premelanosome protein,-1.34142321978362,1.2877995870512133,OSD-203 7d hlu versus control
ENSMUSG00000022324,27.83710240024118,-1.2647362694197901,Matn2,matrilin 2,-1.21607855189882,1.2647362694197901,OSD-203 7d hlu versus control
ENSMUSG00000078234,19.945337833368278,-1.260491611946861,Klhdc7a,kelch domain containing 7A,-1.39662207908429,1.260491611946861,OSD-203 7d hlu versus control
ENSMUSG00000024610,19.18283534223101,-1.2541129898732035,Cd74,"CD74 antigen (invariant polypeptide of major histocompatibility complex, class II antigen-associated)",-1.30123746292081,1.2541129898732035,OSD-203 7d hlu versus control
ENSMUSG00000114094,20.371381757191443,1.2471116962967925,,,1.33465881256472,1.2471116962967925,OSD-203 7d hlu versus control
ENSMUSG00000034394,10.380209004419003,1.2333577175186363,Lif,leukemia inhibitory factor,0.848423663820908,1.2333577175186363,OSD-203 7d hlu versus control
ENSMUSG00000113078,13.835907113478186,1.1972395138577656,,,0.994252380238013,1.1972395138577656,OSD-203 7d hlu versus control
ENSMUSG00000030108,49.16968731323801,-1.1861224763211007,Slc6a13,"solute carrier family 6 (neurotransmitter transporter, GABA), member 13",-1.4408501360664,1.1861224763211007,OSD-203 7d hlu versus control
ENSMUSG00000114939,33.51056544575746,1.181151146224128,,,1.14493036229099,1.181151146224128,OSD-203 7d hlu versus control
ENSMUSG00000104100,25.961477756959958,1.1753075717120485,,,1.1939789503501,1.1753075717120485,OSD-203 7d hlu versus control
ENSMUSG00000096169,13.91594834977828,1.171637397519355,Or10h5,olfactory receptor family 10 subfamily H member 5,1.03439838989381,1.171637397519355,OSD-203 7d hlu versus control
ENSMUSG00000026315,11.170780194438564,-1.167578253208352,Serpinb8,"serine (or cysteine) peptidase inhibitor, clade B, member 8",-0.626527948821518,1.167578253208352,OSD-203 7d hlu versus control
ENSMUSG00000103163,10.505341396845427,1.1571082620281679,,,1.20682436806775,1.1571082620281679,OSD-203 7d hlu versus control
ENSMUSG00000030208,17.98015210517321,-1.1520293075651296,Emp1,epithelial membrane protein 1,-0.919031758169526,1.1520293075651296,OSD-203 7d hlu versus control
ENSMUSG00000107115,43.84541928531555,1.1485025022057596,,,1.10663271821646,1.1485025022057596,OSD-203 7d hlu versus control
ENSMUSG00000108389,13.956036475802296,1.1483559014669396,,,1.2362033017192,1.1483559014669396,OSD-203 7d hlu versus control
ENSMUSG00000109165,56.01778891701707,1.1392457434641077,,,1.30026916239638,1.1392457434641077,OSD-203 7d hlu versus control
ENSMUSG00000121116,16.999642770577417,1.127098727182785,,,1.1996580448329,1.127098727182785,OSD-203 7d hlu versus control
ENSMUSG00000113200,12.935207000511422,1.1240349274899546,,,1.22986918223407,1.1240349274899546,OSD-203 7d hlu versus control
ENSMUSG00000041782,25.59201085989403,1.1101274843160773,Lad1,ladinin,0.886854577005283,1.1101274843160773,OSD-203 7d hlu versus control
ENSMUSG00000066058,18.122632250671682,-1.1003725220899099,Cldn19,claudin 19,-1.42530278429537,1.1003725220899099,OSD-203 7d hlu versus control
ENSMUSG00000050953,170.45986170641038,-1.0954282263195312,Gja1,"gap junction protein, alpha 1",-1.09645096044854,1.0954282263195312,OSD-203 7d hlu versus control
ENSMUSG00000075707,12.429774175619238,-1.088134807591865,Dio3,"deiodinase, iodothyronine type III",-0.986410762320007,1.088134807591865,OSD-203 7d hlu versus control
ENSMUSG00000012443,15.36661975773382,-1.084869106582688,Kif11,kinesin family member 11,-0.974444773427846,1.084869106582688,OSD-203 7d hlu versus control
ENSMUSG00000026424,14.171700200811708,1.0843946898868868,Gpr37l1,G protein-coupled receptor 37-like 1,1.12585672272499,1.0843946898868868,OSD-203 7d hlu versus control
ENSMUSG00000053441,16.011434634749136,1.0811827448131093,Adamts19,ADAM metallopeptidase with thrombospondin type 1 motif 19,1.06038229739693,1.0811827448131093,OSD-203 7d hlu versus control
ENSMUSG00000103445,11.085772069061985,1.0766470536421686,,,1.11422710945041,1.0766470536421686,OSD-203 7d hlu versus control
ENSMUSG00000103495,19.063646688060746,1.0726514999684447,,,1.24622013833699,1.0726514999684447,OSD-203 7d hlu versus control
ENSMUSG00000058626,10.170064161296008,-1.0708855150094272,Capn11,calpain 11,-1.51006312135614,1.0708855150094272,OSD-203 7d hlu versus control
ENSMUSG00000049112,33.99299182166824,1.0690612542571094,Oxtr,oxytocin receptor,1.14000084097676,1.0690612542571094,OSD-203 7d hlu versus control
ENSMUSG00000110564,17.553826158462304,1.065482953357281,,,1.16831354835862,1.065482953357281,OSD-203 7d hlu versus control
ENSMUSG00000102386,15.54432748377192,1.0631133665061556,,,1.08522412941576,1.0631133665061556,OSD-203 7d hlu versus control
ENSMUSG00000091405,818.8700259581453,1.0581344418011074,H4c14,H4 clustered histone 14,1.09460018730789,1.0581344418011074,OSD-203 7d hlu versus control
ENSMUSG00000111918,12.275219838939858,1.0528646037132605,,,1.11640079600717,1.0528646037132605,OSD-203 7d hlu versus control
ENSMUSG00000082917,10.76429277638491,1.0525548862151672,,,1.1473479007884,1.0525548862151672,OSD-203 7d hlu versus control
ENSMUSG00000031994,11.487889100363663,1.0462954877191462,Adamts8,ADAM metallopeptidase with thrombospondin type 1 motif 8,1.11957283334309,1.0462954877191462,OSD-203 7d hlu versus control
ENSMUSG00000102875,23.753889710914457,1.04069640458961,,,1.05302525242233,1.04069640458961,OSD-203 7d hlu versus control
ENSMUSG00000101356,13.687593113435488,1.040443928953789,,,1.14656003601467,1.040443928953789,OSD-203 7d hlu versus control
ENSMUSG00000104164,11.20089876762167,1.0397844799200324,,,1.0996035835821,1.0397844799200324,OSD-203 7d hlu versus control
ENSMUSG00000102331,14.49952839518075,1.036834726766977,,,1.15123434888194,1.036834726766977,OSD-203 7d hlu versus control
ENSMUSG00000044393,10.753724803873244,-1.0278828556960742,Dsg2,desmoglein 2,-1.25321112707138,1.0278828556960742,OSD-203 7d hlu versus control
ENSMUSG00000050423,10.053721280599191,-1.0275549087356524,Ppp1r3g,"protein phosphatase 1, regulatory subunit 3G",-1.16965508583067,1.0275549087356524,OSD-203 7d hlu versus control
ENSMUSG00000120068,14.61468942603366,1.02420336675114,,,1.03879546009005,1.02420336675114,OSD-203 7d hlu versus control
ENSMUSG00000102840,10.984726742624341,1.0222054595565446,,,1.13798943773102,1.0222054595565446,OSD-203 7d hlu versus control
ENSMUSG00000075289,16.359909415115993,-1.0220629904922403,Carns1,carnosine synthase 1,-0.552467357399699,1.0220629904922403,OSD-203 7d hlu versus control
ENSMUSG00000112153,12.945203032596135,1.019741766913152,,,1.0897546711759,1.019741766913152,OSD-203 7d hlu versus control
ENSMUSG00000120248,12.05319721779808,1.0168999860506922,,,1.05099237626844,1.0168999860506922,OSD-203 7d hlu versus control
ENSMUSG00000073680,14.631044194782808,1.012013577710623,Tmem88b,transmembrane protein 88B,1.12745054342743,1.012013577710623,OSD-203 7d hlu versus control
ENSMUSG00000105824,21.026034197109215,1.011078328170781,,,1.13167351964418,1.011078328170781,OSD-203 7d hlu versus control
ENSMUSG00000054779,10.081827675296863,1.009088845435603,,,0.934612725356288,1.009088845435603,OSD-203 7d hlu versus control
ENSMUSG00000104903,20.534667354515967,1.007997121794608,,,1.01112911375187,1.007997121794608,OSD-203 7d hlu versus control
ENSMUSG00000102369,12.61402942304681,1.0062052946666278,,,1.36599801916937,1.0062052946666278,OSD-203 7d hlu versus control
ENSMUSG00000108752,30.261111239010688,1.0009905745475165,,,1.014545541763,1.0009905745475165,OSD-203 7d hlu versus control
ENSMUSG00000007097,697.1289874320275,-0.9949322302400789,Atp1a2,"ATPase, Na+/K+ transporting, alpha 2 polypeptide",-0.998449506558918,0.9949322302400789,OSD-203 7d hlu versus control
ENSMUSG00000021390,29.27195635270248,-0.9908527010604695,Ogn,osteoglycin,-0.979710049010815,0.9908527010604695,OSD-203 7d hlu versus control
ENSMUSG00000048489,11.264671422640918,0.9900287937424266,Depp1,DEPP1 autophagy regulator,0.818477611911995,0.9900287937424266,OSD-203 7d hlu versus control
ENSMUSG00000033633,16.70101060251826,-0.9825185198004763,Clec18a,"C-type lectin domain family 18, member A",-1.05502329132749,0.9825185198004763,OSD-203 7d hlu versus control
ENSMUSG00000027820,28.149925641976296,-0.9712845027635344,Mme,membrane metallo endopeptidase,-0.992709605094239,0.9712845027635344,OSD-203 7d hlu versus control
ENSMUSG00000106251,22.400600921467902,0.9711024375025259,,,0.96638728093634,0.9711024375025259,OSD-203 7d hlu versus control
ENSMUSG00000108701,16.57465866092792,0.9692452842799589,,,0.898976983929204,0.9692452842799589,OSD-203 7d hlu versus control
ENSMUSG00000063018,11.6416081184254,-0.9672050020245468,,,-1.06581881838895,0.9672050020245468,OSD-203 7d hlu versus control
ENSMUSG00000028635,28.69974597517996,0.956333987198468,Edn2,endothelin 2,1.08889267288827,0.956333987198468,OSD-203 7d hlu versus control
ENSMUSG00000111938,11.03325317314434,-0.9557010239937088,,,-0.945950694010277,0.9557010239937088,OSD-203 7d hlu versus control
ENSMUSG00000105293,72.83424220627892,0.9542521883406047,,,0.939928291366291,0.9542521883406047,OSD-203 7d hlu versus control
ENSMUSG00000024041,39.639961175286544,-5.70681226831507,Cryaa,"crystallin, alpha A",-5.72023045542226,5.70681226831507,OSD-203 1m radiation versus control
ENSMUSG00000000724,12.087980393463265,-5.056514256754303,Cryba1,"crystallin, beta A1",-6.91856244735302,5.056514256754303,OSD-203 1m radiation versus control
ENSMUSG00000042240,27.574527634892654,-4.55259270272093,Crybb2,"crystallin, beta B2",-4.86840347332396,4.55259270272093,OSD-203 1m radiation versus control
ENSMUSG00000042279,43.49348043439391,-3.7234676643726554,H1f8,H1.8 linker histone,-4.05114283603497,3.7234676643726554,OSD-203 1m radiation versus control
ENSMUSG00000026247,19.45903332960677,-3.5066465786552956,Ecel1,endothelin converting enzyme-like 1,-3.31403538977911,3.5066465786552956,OSD-203 1m radiation versus control
ENSMUSG00000064346,33.40638582865343,3.449980397899991,,,,3.449980397899991,OSD-203 1m radiation versus control
ENSMUSG00000020908,16.318824967241873,3.2337952718959513,Myh3,"myosin, heavy polypeptide 3, skeletal muscle, embryonic",3.6275779303484,3.2337952718959513,OSD-203 1m radiation versus control
ENSMUSG00000002020,97.7493750301501,-2.5704289859337783,Ltbp2,latent transforming growth factor beta binding protein 2,-2.36081545758945,2.5704289859337783,OSD-203 1m radiation versus control
ENSMUSG00000010311,288.4553700650864,-2.392489540272723,Optc,opticin,-2.39545485983334,2.392489540272723,OSD-203 1m radiation versus control
ENSMUSG00000049723,12.014532817115871,-2.3266162461083506,Mmp12,matrix metallopeptidase 12,-2.03740065672183,2.3266162461083506,OSD-203 1m radiation versus control
ENSMUSG00000047230,37.238025919114726,-2.2796940422381002,Cldn2,claudin 2,-2.26725795511526,2.2796940422381002,OSD-203 1m radiation versus control
ENSMUSG00000022512,49.51748766546511,-2.143915140978953,Cldn1,claudin 1,-2.15073481276218,2.143915140978953,OSD-203 1m radiation versus control
ENSMUSG00000118672,80.67510106435905,2.130732339021742,Muc4,mucin 4,2.15257974849021,2.130732339021742,OSD-203 1m radiation versus control
ENSMUSG00000028635,57.73814555800625,-2.0424343977076678,Edn2,endothelin 2,-2.04115519407937,2.0424343977076678,OSD-203 1m radiation versus control
ENSMUSG00000006369,463.5769521380779,-2.0406635060693388,Fbln1,fibulin 1,-2.08288587257953,2.0406635060693388,OSD-203 1m radiation versus control
ENSMUSG00000021614,244.2058603333494,-2.0046088736744117,Vcan,versican,-1.70640888448974,2.0046088736744117,OSD-203 1m radiation versus control
ENSMUSG00000026579,202.22031062613252,-1.978085865323284,F5,coagulation factor V,-2.00308037385815,1.978085865323284,OSD-203 1m radiation versus control
ENSMUSG00000002588,35.027376612697665,-1.962866306017801,Pon1,paraoxonase 1,-1.90391537718306,1.962866306017801,OSD-203 1m radiation versus control
ENSMUSG00000042436,118.2205419251641,-1.938882666412207,Mfap4,microfibrillar-associated protein 4,-1.92121321195665,1.938882666412207,OSD-203 1m radiation versus control
ENSMUSG00000092805,432.9327021116948,1.9169108301854922,,,0.539329709483936,1.9169108301854922,OSD-203 1m radiation versus control
ENSMUSG00000028174,302.12510845017124,-1.8882937092570722,Rpe65,retinal pigment epithelium 65,-1.86215918440658,1.8882937092570722,OSD-203 1m radiation versus control
ENSMUSG00000121111,32.331645074316,-1.885249409447725,,,-1.85055227584161,1.885249409447725,OSD-203 1m radiation versus control
ENSMUSG00000054146,21.62783507796427,1.8535284789496596,Krt15,keratin 15,1.29545252918589,1.8535284789496596,OSD-203 1m radiation versus control
ENSMUSG00000045573,575.0775905128921,-1.8487348899081748,Penk,preproenkephalin,-1.89847791025576,1.8487348899081748,OSD-203 1m radiation versus control
ENSMUSG00000064655,20.12997787408103,1.8333836191627302,Gm25788,"predicted gene, 25788",1.98625282419333,1.8333836191627302,OSD-203 1m radiation versus control
ENSMUSG00000029843,79.01804983132783,-1.831753475772661,Slc13a4,"solute carrier family 13 (sodium/sulfate symporters), member 4",-1.80662362822269,1.831753475772661,OSD-203 1m radiation versus control
ENSMUSG00000030108,70.88942672164485,-1.827895531360227,Slc6a13,"solute carrier family 6 (neurotransmitter transporter, GABA), member 13",-1.90842145705769,1.827895531360227,OSD-203 1m radiation versus control
ENSMUSG00000041782,56.15683508857923,-1.8094749886110528,Lad1,ladinin,-1.73875274732883,1.8094749886110528,OSD-203 1m radiation versus control
ENSMUSG00000048108,40.52999924905199,-1.7536357681970383,Tmem72,transmembrane protein 72,-1.26951585225016,1.7536357681970383,OSD-203 1m radiation versus control
ENSMUSG00000067543,57.8215669136142,1.7524724614160083,Prb1a,proline-rich protein BstNI subfamily 1A,1.8572667421626,1.7524724614160083,OSD-203 1m radiation versus control
ENSMUSG00000041559,206.26683814316576,-1.7496048805339743,Fmod,fibromodulin,-1.78138183646131,1.7496048805339743,OSD-203 1m radiation versus control
ENSMUSG00000018339,1041.5081820323962,-1.7427940189962967,Gpx3,glutathione peroxidase 3,-1.73114321190951,1.7427940189962967,OSD-203 1m radiation versus control
ENSMUSG00000023943,26.2438208361116,-1.738746667660751,Sult1c1,"sulfotransferase family, cytosolic, 1C, member 1",-1.7595844861479,1.738746667660751,OSD-203 1m radiation versus control
ENSMUSG00000020651,75.66124669996744,-1.718411947924797,Slc26a4,"solute carrier family 26, member 4",-1.71481488796556,1.718411947924797,OSD-203 1m radiation versus control
ENSMUSG00000061808,877.3303348410831,-1.7084796025504363,Ttr,transthyretin,-1.70883186193524,1.7084796025504363,OSD-203 1m radiation versus control
ENSMUSG00000036814,42.49267106082767,-1.6761691758785406,Slc6a20a,"solute carrier family 6 (neurotransmitter transporter), member 20A",-1.77517586861213,1.6761691758785406,OSD-203 1m radiation versus control
ENSMUSG00000028600,38.33085262427359,-1.6705217875198384,Podn,podocan,-2.2017671650376,1.6705217875198384,OSD-203 1m radiation versus control
ENSMUSG00000026414,36.50648385838213,-1.6630463780899063,Tnnt2,"troponin T2, cardiac",-1.47935518623345,1.6630463780899063,OSD-203 1m radiation versus control
ENSMUSG00000018459,27.306241224825254,-1.6608968792246874,Slc13a3,"solute carrier family 13 (sodium-dependent dicarboxylate transporter), member 3",-1.7729102576495,1.6608968792246874,OSD-203 1m radiation versus control
ENSMUSG00000021804,799.8870281011683,-1.6599026968774855,Rgr,retinal G protein coupled receptor,-1.73893115760549,1.6599026968774855,OSD-203 1m radiation versus control
ENSMUSG00000028003,203.09092109235058,-1.6449360477260586,Lrat,lecithin-retinol acyltransferase (phosphatidylcholine-retinol-O-acyltransferase),-1.64383816463278,1.6449360477260586,OSD-203 1m radiation versus control
ENSMUSG00000025350,108.64724489137294,-1.6146001030415083,Rdh5,retinol dehydrogenase 5,-1.56541744814115,1.6146001030415083,OSD-203 1m radiation versus control
ENSMUSG00000058626,23.062481087487402,-1.6131445289413513,Capn11,calpain 11,-1.6464166543773,1.6131445289413513,OSD-203 1m radiation versus control
ENSMUSG00000063130,18.36442239760313,1.57504280304812,Calml3,calmodulin-like 3,1.60555598029042,1.57504280304812,OSD-203 1m radiation versus control
ENSMUSG00000036972,22.602963013194618,-1.5649052967123327,Zic4,zinc finger protein of the cerebellum 4,-1.72654857846034,1.5649052967123327,OSD-203 1m radiation versus control
ENSMUSG00000072941,240.714129265878,-1.5626053278620395,Sod3,"superoxide dismutase 3, extracellular",-1.56696797942754,1.5626053278620395,OSD-203 1m radiation versus control
ENSMUSG00000030495,12.161725604749208,-1.5270920160913122,Slc7a10,"solute carrier family 7 (cationic amino acid transporter, y+ system), member 10",-0.877389906640493,1.5270920160913122,OSD-203 1m radiation versus control
ENSMUSG00000032373,56.03483429517066,-1.526838335518487,Car12,carbonic anhydrase 12,-1.20462278090554,1.526838335518487,OSD-203 1m radiation versus control
ENSMUSG00000026830,64.65614425672801,-1.520502049240185,Ermn,"ermin, ERM-like protein",-1.50738918993325,1.520502049240185,OSD-203 1m radiation versus control
ENSMUSG00000024598,34.17839245961481,-1.5163370544232746,Fbn2,fibrillin 2,-1.52040680741452,1.5163370544232746,OSD-203 1m radiation versus control
ENSMUSG00000022598,14.11344408520291,1.512088714772413,Psca,prostate stem cell antigen,1.55898071272402,1.512088714772413,OSD-203 1m radiation versus control
ENSMUSG00000021390,68.64948943359663,-1.5112955444155354,Ogn,osteoglycin,-1.54922489670547,1.5112955444155354,OSD-203 1m radiation versus control
ENSMUSG00000009378,33.3414970997902,-1.508954930747127,Slc16a12,"solute carrier family 16 (monocarboxylic acid transporters), member 12",-1.5768466571022,1.508954930747127,OSD-203 1m radiation versus control
ENSMUSG00000021680,78.53161268905144,-1.4752079528151498,Crhbp,corticotropin releasing hormone binding protein,-1.528905542511,1.4752079528151498,OSD-203 1m radiation versus control
ENSMUSG00000038418,896.5690324236086,-1.4728404339151662,Egr1,early growth response 1,-1.46704909364531,1.4728404339151662,OSD-203 1m radiation versus control
ENSMUSG00000052819,32.49414923616334,-1.4674348072624765,Best2,bestrophin 2,-1.58030743145936,1.4674348072624765,OSD-203 1m radiation versus control
ENSMUSG00000064343,24.712945285818616,1.4615499446507814,,,,1.4615499446507814,OSD-203 1m radiation versus control
ENSMUSG00000085069,10.31990509684952,-1.4369768954144622,Prdm16os,Prdm16 opposite strand transcript,-1.44734956428767,1.4369768954144622,OSD-203 1m radiation versus control
ENSMUSG00000000392,17.298875378715838,-1.4209467825920974,Fap,fibroblast activation protein,-1.59139890894112,1.4209467825920974,OSD-203 1m radiation versus control
ENSMUSG00000090588,26.148928457543526,1.3992537740964592,Muc21,mucin 21,1.57234937217839,1.3992537740964592,OSD-203 1m radiation versus control
ENSMUSG00000038167,18.02755497284111,-1.3974399999336975,Plekhg6,"pleckstrin homology domain containing, family G (with RhoGef domain) member 6",-1.30858062880781,1.3974399999336975,OSD-203 1m radiation versus control
ENSMUSG00000032092,14.200240058699347,-1.3920520313546767,Mpzl2,myelin protein zero-like 2,-1.31064129890952,1.3920520313546767,OSD-203 1m radiation versus control
ENSMUSG00000044393,22.734143012293693,-1.3562117876993036,Dsg2,desmoglein 2,-1.15116628847303,1.3562117876993036,OSD-203 1m radiation versus control
ENSMUSG00000030208,39.07689253545554,1.3415211445989352,Emp1,epithelial membrane protein 1,1.22425187013486,1.3415211445989352,OSD-203 1m radiation versus control
ENSMUSG00000054779,10.927036118832342,-1.3284711140701901,,,-1.28096665975012,1.3284711140701901,OSD-203 1m radiation versus control
ENSMUSG00000107881,32.278303202396,-1.3275207234456332,,,-1.35214051878716,1.3275207234456332,OSD-203 1m radiation versus control
ENSMUSG00000063796,96.14527083802433,-1.321208911502701,Slc22a8,"solute carrier family 22 (organic anion transporter), member 8",-1.25566870587166,1.321208911502701,OSD-203 1m radiation versus control
ENSMUSG00000035200,75.00548502426196,-1.3183673089846417,Chrnb4,"cholinergic receptor, nicotinic, beta polypeptide 4",-1.29010787490696,1.3183673089846417,OSD-203 1m radiation versus control
ENSMUSG00000007097,1186.8894926303958,-1.317733751566278,Atp1a2,"ATPase, Na+/K+ transporting, alpha 2 polypeptide",-1.20023382199658,1.317733751566278,OSD-203 1m radiation versus control
ENSMUSG00000047793,886.7719676689912,-1.3137830124485943,Sned1,"sushi, nidogen and EGF-like domains 1",-1.32753883865552,1.3137830124485943,OSD-203 1m radiation versus control
ENSMUSG00000050671,27.270341599977563,-1.2995619784047387,Ism2,isthmin 2,-1.65853331211491,1.2995619784047387,OSD-203 1m radiation versus control
ENSMUSG00000066058,46.97132480359394,-1.291773628047904,Cldn19,claudin 19,-1.37980486812988,1.291773628047904,OSD-203 1m radiation versus control
ENSMUSG00000029759,33.66187865363902,-1.2786010124336562,Pon3,paraoxonase 3,-1.03285042416869,1.2786010124336562,OSD-203 1m radiation versus control
ENSMUSG00000032988,45.95450757262325,-1.2773022974946255,Slc16a8,"solute carrier family 16 (monocarboxylic acid transporters), member 8",-1.28907067320503,1.2773022974946255,OSD-203 1m radiation versus control
ENSMUSG00000020932,179.8968735981394,-1.2755311197350587,Gfap,glial fibrillary acidic protein,-1.27430921987441,1.2755311197350587,OSD-203 1m radiation versus control
ENSMUSG00000022324,44.976912392011,-1.269786830978037,Matn2,matrilin 2,-1.28237269778378,1.269786830978037,OSD-203 1m radiation versus control
ENSMUSG00000001435,629.4199347199857,-1.2675085245690738,Col18a1,"collagen, type XVIII, alpha 1",-1.05551080856835,1.2675085245690738,OSD-203 1m radiation versus control
ENSMUSG00000021835,68.61377985510714,-1.2525407883609831,Bmp4,bone morphogenetic protein 4,-1.5601945542841,1.2525407883609831,OSD-203 1m radiation versus control
ENSMUSG00000027204,550.0594775114492,-1.2518580776519888,Fbn1,fibrillin 1,-1.26121881759194,1.2518580776519888,OSD-203 1m radiation versus control
ENSMUSG00000040152,157.7478072312609,-1.241625290911,Thbs1,thrombospondin 1,-1.21038282233014,1.241625290911,OSD-203 1m radiation versus control
ENSMUSG00000027420,12.250655447892992,-1.2299610383615538,Bfsp1,"beaded filament structural protein 1, in lens-CP94",-1.48160903693718,1.2299610383615538,OSD-203 1m radiation versus control
ENSMUSG00000046352,18.765912707204304,1.2268037431785157,Gjb2,"gap junction protein, beta 2",1.21449665521104,1.2268037431785157,OSD-203 1m radiation versus control
ENSMUSG00000036098,120.50851149803725,-1.2186963505480186,Myrf,myelin regulatory factor,-1.24277774711833,1.2186963505480186,OSD-203 1m radiation versus control
ENSMUSG00000005917,52.60664978925102,-1.2084010397927554,Otx1,orthodenticle homeobox 1,-1.21252926886584,1.2084010397927554,OSD-203 1m radiation versus control
ENSMUSG00000064558,146.7976918895944,1.2043130492752538,Gm24620,"predicted gene, 24620",1.31124510221906,1.2043130492752538,OSD-203 1m radiation versus control
ENSMUSG00000061048,48.480675976989396,-1.1995017891111532,Cdh3,cadherin 3,-1.20314570335755,1.1995017891111532,OSD-203 1m radiation versus control
ENSMUSG00000018126,11.16825241934453,-1.199164955761477,Baiap2l2,BAI1-associated protein 2-like 2,-2.72404689910486,1.199164955761477,OSD-203 1m radiation versus control
ENSMUSG00000030849,59.46913925912512,-1.1806063151623267,Fgfr2,fibroblast growth factor receptor 2,-1.31122725650007,1.1806063151623267,OSD-203 1m radiation versus control
ENSMUSG00000049382,10.83776880510131,-1.1736585325501867,Krt8,keratin 8,-1.41130360166991,1.1736585325501867,OSD-203 1m radiation versus control
ENSMUSG00000048616,13.404415000732087,-1.1706931158492528,Nog,noggin,-1.15236805204829,1.1706931158492528,OSD-203 1m radiation versus control
ENSMUSG00000024164,24.024242992715738,-1.164648501759568,C3,complement component 3,-0.403369804721703,1.164648501759568,OSD-203 1m radiation versus control
ENSMUSG00000032327,246.69781838593786,-1.1588239458872425,Stra6,stimulated by retinoic acid gene 6,-1.18543658887798,1.1588239458872425,OSD-203 1m radiation versus control
ENSMUSG00000051041,12.46654811761508,-1.156998079017321,Olfml1,olfactomedin-like 1,-1.2894858959019,1.156998079017321,OSD-203 1m radiation versus control
ENSMUSG00000026042,24.689880655034866,-1.1542105649237855,Col5a2,"collagen, type V, alpha 2",-2.20952516232575,1.1542105649237855,OSD-203 1m radiation versus control
ENSMUSG00000055874,30.51224859514138,-1.1529712875140155,Foxi3,forkhead box I3,-1.19575079436876,1.1529712875140155,OSD-203 1m radiation versus control
ENSMUSG00000034382,25.176319779765738,1.1465258594045884,AI661453,expressed sequence AI661453,1.23596862931236,1.1465258594045884,OSD-203 1m radiation versus control
ENSMUSG00000026712,11.053395105583016,-1.1279092489579001,Mrc1,"mannose receptor, C type 1",-1.00678534158859,1.1279092489579001,OSD-203 1m radiation versus control
ENSMUSG00000075707,29.143904583514352,-1.124702022204113,Dio3,"deiodinase, iodothyronine type III",-1.03491848705528,1.124702022204113,OSD-203 1m radiation versus control
ENSMUSG00000030862,56.41312347316617,-1.1238825978873122,Cpxm2,"carboxypeptidase X, M14 family member 2",-1.1089724087556,1.1238825978873122,OSD-203 1m radiation versus control
ENSMUSG00000068699,41.112992190405244,-1.1233533109793072,Flnc,"filamin C, gamma",-1.23970052992241,1.1233533109793072,OSD-203 1m radiation versus control
ENSMUSG00000121135,38.09897856267832,4.754192910217268,Hmga2-ps1,"high mobility group AT-hook 2, pseudogene 1",5.04663287523273,4.754192910217268,OSD-203 1m hlu versus control
ENSMUSG00000067543,13.549716693258611,-4.249301750928832,Prb1a,proline-rich protein BstNI subfamily 1A,-4.85684806643645,4.249301750928832,OSD-203 1m hlu versus control
ENSMUSG00000002020,88.13477329266843,-4.21036333159366,Ltbp2,latent transforming growth factor beta binding protein 2,-3.76116921457381,4.21036333159366,OSD-203 1m hlu versus control
ENSMUSG00000042279,42.77437358583211,-4.104777262559666,H1f8,H1.8 linker histone,-3.84403572911214,4.104777262559666,OSD-203 1m hlu versus control
ENSMUSG00000010311,257.05762601158966,-4.032698045413078,Optc,opticin,-4.09818225215803,4.032698045413078,OSD-203 1m hlu versus control
ENSMUSG00000020651,61.95405345261368,-3.8527622869353153,Slc26a4,"solute carrier family 26, member 4",-3.57056041712929,3.8527622869353153,OSD-203 1m hlu versus control
ENSMUSG00000006369,401.1548461356328,-3.7206806709533256,Fbln1,fibulin 1,-3.72749111517109,3.7206806709533256,OSD-203 1m hlu versus control
ENSMUSG00000029843,67.19149846796778,-3.467309844202855,Slc13a4,"solute carrier family 13 (sodium/sulfate symporters), member 4",-3.36224857882371,3.467309844202855,OSD-203 1m hlu versus control
ENSMUSG00000026579,175.93883208395317,-3.4536316078342,F5,coagulation factor V,-3.51150662330708,3.4536316078342,OSD-203 1m hlu versus control
ENSMUSG00000052819,25.99638980996199,-3.4193402113652973,Best2,bestrophin 2,-3.70784012736945,3.4193402113652973,OSD-203 1m hlu versus control
ENSMUSG00000064346,32.4678004139376,3.4057176491377152,,,,3.4057176491377152,OSD-203 1m hlu versus control
ENSMUSG00000021614,214.62271556506963,-3.348380326860526,Vcan,versican,-2.81550135850059,3.348380326860526,OSD-203 1m hlu versus control
ENSMUSG00000054146,53.029045601870486,3.3450033872226324,Krt15,keratin 15,2.94656926842461,3.3450033872226324,OSD-203 1m hlu versus control
ENSMUSG00000042240,29.31513964119793,-3.220900174209881,Crybb2,"crystallin, beta B2",-3.41965294610896,3.220900174209881,OSD-203 1m hlu versus control
ENSMUSG00000009378,27.284644446102686,-3.190968762301715,Slc16a12,"solute carrier family 16 (monocarboxylic acid transporters), member 12",-3.25602542172829,3.190968762301715,OSD-203 1m hlu versus control
ENSMUSG00000042436,104.100294427146,-3.1731814603638346,Mfap4,microfibrillar-associated protein 4,-3.21288398401703,3.1731814603638346,OSD-203 1m hlu versus control
ENSMUSG00000018339,896.9444877208404,-3.0758009142792773,Gpx3,glutathione peroxidase 3,-3.08207877697387,3.0758009142792773,OSD-203 1m hlu versus control
ENSMUSG00000047230,34.645972931518244,-3.021970709787462,Cldn2,claudin 2,-3.04119926138242,3.021970709787462,OSD-203 1m hlu versus control
ENSMUSG00000026247,20.24752815801906,-2.932763021248595,Ecel1,endothelin converting enzyme-like 1,-2.67756613708101,2.932763021248595,OSD-203 1m hlu versus control
ENSMUSG00000039899,12.713545245633332,-2.9120323325283914,Fgl2,fibrinogen-like protein 2,-3.08380510661868,2.9120323325283914,OSD-203 1m hlu versus control
ENSMUSG00000045573,512.1922908902247,-2.8567751832819765,Penk,preproenkephalin,-2.80311865012955,2.8567751832819765,OSD-203 1m hlu versus control
ENSMUSG00000000724,13.45404273951199,-2.8177481020152593,Cryba1,"crystallin, beta A1",-3.32211295130035,2.8177481020152593,OSD-203 1m hlu versus control
ENSMUSG00000021390,58.49312820297716,-2.7140907086698145,Ogn,osteoglycin,-2.78502169720151,2.7140907086698145,OSD-203 1m hlu versus control
ENSMUSG00000023041,12.487186904650322,2.6940519719465463,Krt6b,keratin 6B,3.02868226882373,2.6940519719465463,OSD-203 1m hlu versus control
ENSMUSG00000044393,18.900853562642393,-2.6332812736772113,Dsg2,desmoglein 2,-1.64214641272971,2.6332812736772113,OSD-203 1m hlu versus control
ENSMUSG00000024041,45.28206891501341,-2.6223937057268225,Cryaa,"crystallin, alpha A",-2.76589498084427,2.6223937057268225,OSD-203 1m hlu versus control
ENSMUSG00000028635,54.45101928935259,-2.534418578420534,Edn2,endothelin 2,-2.59222876715855,2.534418578420534,OSD-203 1m hlu versus control
ENSMUSG00000072941,214.85430475051174,-2.35816912580254,Sod3,"superoxide dismutase 3, extracellular",-2.36671600274357,2.35816912580254,OSD-203 1m hlu versus control
ENSMUSG00000075707,24.158860257196203,-2.2289566209167306,Dio3,"deiodinase, iodothyronine type III",-2.30210514069344,2.2289566209167306,OSD-203 1m hlu versus control
ENSMUSG00000050953,324.50474059973806,-2.1975403450725435,Gja1,"gap junction protein, alpha 1",-2.19316447992388,2.1975403450725435,OSD-203 1m hlu versus control
ENSMUSG00000041559,193.6262357348909,-2.1971483967358507,Fmod,fibromodulin,-2.23955500459926,2.1971483967358507,OSD-203 1m hlu versus control
ENSMUSG00000066058,40.55658410956771,-2.1967618097319126,Cldn19,claudin 19,-2.49918714771177,2.1967618097319126,OSD-203 1m hlu versus control
ENSMUSG00000078234,35.1613676833686,-2.191235271575565,Klhdc7a,kelch domain containing 7A,-2.10411268585071,2.191235271575565,OSD-203 1m hlu versus control
ENSMUSG00000007097,1042.6233474870126,-2.11450315746195,Atp1a2,"ATPase, Na+/K+ transporting, alpha 2 polypeptide",-2.04853471919703,2.11450315746195,OSD-203 1m hlu versus control
ENSMUSG00000118672,79.75829096399569,2.1105774483798574,Muc4,mucin 4,2.02174623288383,2.1105774483798574,OSD-203 1m hlu versus control
ENSMUSG00000049723,12.368402053339526,-2.099959550595768,Mmp12,matrix metallopeptidase 12,-1.72202125414405,2.099959550595768,OSD-203 1m hlu versus control
ENSMUSG00000022595,10.322125372260114,2.0803052505871826,Lypd2,Ly6/Plaur domain containing 2,2.18058337216349,2.0803052505871826,OSD-203 1m hlu versus control
ENSMUSG00000021680,72.30166032834353,-1.9856462122535934,Crhbp,corticotropin releasing hormone binding protein,-1.99558574975913,1.9856462122535934,OSD-203 1m hlu versus control
ENSMUSG00000028600,36.54992149805848,-1.977848157908142,Podn,podocan,-2.31969856911136,1.977848157908142,OSD-203 1m hlu versus control
ENSMUSG00000005917,46.094958725266785,-1.959760885532148,Otx1,orthodenticle homeobox 1,-1.95570493700164,1.959760885532148,OSD-203 1m hlu versus control
ENSMUSG00000021091,88.9244613957738,-1.9094393876005464,Serpina3n,"serine (or cysteine) peptidase inhibitor, clade A, member 3N",-1.87595227682166,1.9094393876005464,OSD-203 1m hlu versus control
ENSMUSG00000022758,12.782582339098484,-1.9091777922138113,P2rx6,"purinergic receptor P2X, ligand-gated ion channel, 6",-1.62739516490888,1.9091777922138113,OSD-203 1m hlu versus control
ENSMUSG00000036972,21.435855409709735,-1.886794140663051,Zic4,zinc finger protein of the cerebellum 4,-1.82351432729388,1.886794140663051,OSD-203 1m hlu versus control
ENSMUSG00000038418,841.4936443632527,-1.8532998642865344,Egr1,early growth response 1,-1.85298504114454,1.8532998642865344,OSD-203 1m hlu versus control
ENSMUSG00000063130,21.324628701562023,1.849558102820342,Calml3,calmodulin-like 3,1.87869605636426,1.849558102820342,OSD-203 1m hlu versus control
ENSMUSG00000022598,16.76467981725647,1.8282720273065862,Psca,prostate stem cell antigen,1.89873166105315,1.8282720273065862,OSD-203 1m hlu versus control
ENSMUSG00000040605,48.86753915491464,-1.793937565319428,Bace2,beta-site APP-cleaving enzyme 2,-1.81675922986156,1.793937565319428,OSD-203 1m hlu versus control
ENSMUSG00000050671,24.99499535755245,-1.7807636228269157,Ism2,isthmin 2,-1.6662630634142,1.7807636228269157,OSD-203 1m hlu versus control
ENSMUSG00000041782,56.41883441309616,-1.7797277758093837,Lad1,ladinin,-1.7236400314809,1.7797277758093837,OSD-203 1m hlu versus control
ENSMUSG00000047793,819.11502482964,-1.7595605106439003,Sned1,"sushi, nidogen and EGF-like domains 1",-1.56999686462663,1.7595605106439003,OSD-203 1m hlu versus control
ENSMUSG00000030108,71.79809622382486,-1.746669930507498,Slc6a13,"solute carrier family 6 (neurotransmitter transporter, GABA), member 13",-1.88484354073922,1.746669930507498,OSD-203 1m hlu versus control
ENSMUSG00000022324,41.283475184513975,-1.7378143855341985,Matn2,matrilin 2,-1.74645779901259,1.7378143855341985,OSD-203 1m hlu versus control
ENSMUSG00000026414,36.10669906750022,-1.729496175303674,Tnnt2,"troponin T2, cardiac",-1.70256465614951,1.729496175303674,OSD-203 1m hlu versus control
ENSMUSG00000016028,18.801618191389206,-1.7282259040985088,Celsr1,"cadherin, EGF LAG seven-pass G-type receptor 1",-2.20980585227541,1.7282259040985088,OSD-203 1m hlu versus control
ENSMUSG00000073418,148.99721508133624,-1.6589527879000754,C4b,complement C4B (Chido blood group),-1.66829470594042,1.6589527879000754,OSD-203 1m hlu versus control
ENSMUSG00000001435,586.1454227014483,-1.6522556822289318,Col18a1,"collagen, type XVIII, alpha 1",-1.66999622663453,1.6522556822289318,OSD-203 1m hlu versus control
ENSMUSG00000071637,115.09171552963312,-1.646587197511582,Cebpd,CCAAT/enhancer binding protein delta,-1.6378751606873,1.646587197511582,OSD-203 1m hlu versus control
ENSMUSG00000027204,511.8573890836822,-1.6376350004618148,Fbn1,fibrillin 1,-1.63640300312625,1.6376350004618148,OSD-203 1m hlu versus control
ENSMUSG00000032092,13.572885746075874,-1.634485252010525,Mpzl2,myelin protein zero-like 2,-1.71405211805618,1.634485252010525,OSD-203 1m hlu versus control
ENSMUSG00000061527,77.77450523395586,1.6200312399240533,Krt5,keratin 5,1.70138512807026,1.6200312399240533,OSD-203 1m hlu versus control
ENSMUSG00000030208,45.10345178928439,1.6193428210132392,Emp1,epithelial membrane protein 1,1.48311687341992,1.6193428210132392,OSD-203 1m hlu versus control
ENSMUSG00000026483,342.77278345347565,-1.608141778000837,Niban1,niban apoptosis regulator 1,-1.60822430278464,1.608141778000837,OSD-203 1m hlu versus control
ENSMUSG00000020932,169.38766595839667,-1.5961737712520887,Gfap,glial fibrillary acidic protein,-1.59822792513547,1.5961737712520887,OSD-203 1m hlu versus control
ENSMUSG00000027358,43.761814601880154,-1.5944853164797732,Bmp2,bone morphogenetic protein 2,-1.61018890690681,1.5944853164797732,OSD-203 1m hlu versus control
ENSMUSG00000021763,73.87315935185413,-1.5834356999753494,Cspg4b,chondroitin sulfate proteoglycan 4B,-1.55227270987447,1.5834356999753494,OSD-203 1m hlu versus control
ENSMUSG00000005994,330.54248171105894,-1.5680604170533134,Tyrp1,tyrosinase-related protein 1,-1.44755303680748,1.5680604170533134,OSD-203 1m hlu versus control
ENSMUSG00000024806,46.569177991759,-1.5504159710961245,Mlana,melan-A,-1.55694265101327,1.5504159710961245,OSD-203 1m hlu versus control
ENSMUSG00000022512,54.25591059638475,-1.5460956966389985,Cldn1,claudin 1,-1.53729218310302,1.5460956966389985,OSD-203 1m hlu versus control
ENSMUSG00000027420,11.512791347716995,-1.5404041683492882,Bfsp1,"beaded filament structural protein 1, in lens-CP94",-1.45591808054272,1.5404041683492882,OSD-203 1m hlu versus control
ENSMUSG00000037411,10.976954234341061,-1.5250380015672516,Serpine1,"serine (or cysteine) peptidase inhibitor, clade E, member 1",-1.67330593990161,1.5250380015672516,OSD-203 1m hlu versus control
ENSMUSG00000046618,176.1355155824229,-1.506887312721582,Olfml2a,olfactomedin-like 2A,-1.50746628904551,1.506887312721582,OSD-203 1m hlu versus control
ENSMUSG00000085069,10.19580425676708,-1.4996689220076356,Prdm16os,Prdm16 opposite strand transcript,-1.6920809109362,1.4996689220076356,OSD-203 1m hlu versus control
ENSMUSG00000049436,11.458383581109633,1.4988374599664456,Upk1b,uroplakin 1B,1.60373721766001,1.4988374599664456,OSD-203 1m hlu versus control
ENSMUSG00000075463,54.25973416705305,-1.4929802141440187,4930594M22Rik,RIKEN cDNA 4930594M22 gene,-1.45118156509045,1.4929802141440187,OSD-203 1m hlu versus control
ENSMUSG00000004105,43.982694101190766,-1.4896631688684536,Angptl2,angiopoietin-like 2,-1.45791451645898,1.4896631688684536,OSD-203 1m hlu versus control
ENSMUSG00000064655,16.69079596657091,1.4869257824678457,Gm25788,"predicted gene, 25788",1.59334972634638,1.4869257824678457,OSD-203 1m hlu versus control
ENSMUSG00000033730,32.18517067377386,-1.479541306241434,Egr3,early growth response 3,-1.85272092824715,1.479541306241434,OSD-203 1m hlu versus control
ENSMUSG00000023067,25.38914405216916,-1.4778474741788037,Cdkn1a,cyclin dependent kinase inhibitor 1A,-1.15155307065062,1.4778474741788037,OSD-203 1m hlu versus control
ENSMUSG00000000184,109.00210267182426,-1.4719584004432125,Ccnd2,cyclin D2,-0.898890538412583,1.4719584004432125,OSD-203 1m hlu versus control
ENSMUSG00000021806,53.59646228589405,-1.463773579082762,Nid2,nidogen 2,-1.44976783955283,1.463773579082762,OSD-203 1m hlu versus control
ENSMUSG00000079339,11.127885828281629,1.4550183334467777,Ifit1bl1,interferon induced protein with tetratricpeptide repeats 1B like 1,1.48236573477696,1.4550183334467777,OSD-203 1m hlu versus control
ENSMUSG00000090588,26.835288130476084,1.4496095045372717,Muc21,mucin 21,1.77219473462779,1.4496095045372717,OSD-203 1m hlu versus control
ENSMUSG00000029671,13.404067510209455,-1.4486261323123428,Wnt16,"wingless-type MMTV integration site family, member 16",-1.78861788512132,1.4486261323123428,OSD-203 1m hlu versus control
ENSMUSG00000104420,13.330609441975378,-1.4371952803591919,,,-1.25957862870494,1.4371952803591919,OSD-203 1m hlu versus control
ENSMUSG00000109438,11.380294467457539,-1.423328861294874,,,-1.44052128748911,1.423328861294874,OSD-203 1m hlu versus control
ENSMUSG00000109097,13.251704236715545,-1.4178062676464398,Gm29683,"predicted gene, 29683",-1.42881640750576,1.4178062676464398,OSD-203 1m hlu versus control
ENSMUSG00000079436,72.18831349057066,-1.4151912395287818,Kcnj13,"potassium inwardly-rectifying channel, subfamily J, member 13",-1.41750239337315,1.4151912395287818,OSD-203 1m hlu versus control
ENSMUSG00000028195,44.447549102634795,-1.4071527592406523,Ccn1,cellular communication network factor 1,-1.44661815427831,1.4071527592406523,OSD-203 1m hlu versus control
ENSMUSG00000024598,34.90150119475046,-1.4046360329280765,Fbn2,fibrillin 2,-1.11681763681467,1.4046360329280765,OSD-203 1m hlu versus control
ENSMUSG00000019102,55.89546140333888,1.4025459101160662,Aldh3a1,"aldehyde dehydrogenase family 3, subfamily A1",1.46705371271412,1.4025459101160662,OSD-203 1m hlu versus control
ENSMUSG00000037206,52.45740976648339,-1.4002232507573409,Islr,immunoglobulin superfamily containing leucine-rich repeat,-1.41442972586423,1.4002232507573409,OSD-203 1m hlu versus control
ENSMUSG00000121111,35.1292902940492,-1.3998238958534759,,,-1.47512816446926,1.3998238958534759,OSD-203 1m hlu versus control
ENSMUSG00000027524,28.08874220572606,-1.380148139872067,Edn3,endothelin 3,-1.29733961186823,1.380148139872067,OSD-203 1m hlu versus control
ENSMUSG00000020695,55.715539669697804,-1.3792683152793277,Mrc2,"mannose receptor, C type 2",-1.43349566216911,1.3792683152793277,OSD-203 1m hlu versus control
ENSMUSG00000001870,171.39505703276623,-1.3762374496932326,Ltbp1,latent transforming growth factor beta binding protein 1,-1.10460996564921,1.3762374496932326,OSD-203 1m hlu versus control
ENSMUSG00000092805,324.14054480910954,1.3658716841289478,,,0.517240718322778,1.3658716841289478,OSD-203 1m hlu versus control
ENSMUSG00000009281,51.42538210560001,-1.3579342708427975,Rarres2,retinoic acid receptor responder (tazarotene induced) 2,-1.38410744261775,1.3579342708427975,OSD-203 1m hlu versus control
ENSMUSG00000034739,243.54897998450951,-1.3540366238076345,Mfrp,membrane frizzled-related protein,-1.12864903355057,1.3540366238076345,OSD-203 1m hlu versus control
ENSMUSG00000026303,32.18316534509834,-1.3456563082354907,Mlph,melanophilin,-1.20800452714495,1.3456563082354907,OSD-203 1m hlu versus control
ENSMUSG00000029759,33.21740646111564,-1.344387011749468,Pon3,paraoxonase 3,-1.34650406555251,1.344387011749468,OSD-203 1m hlu versus control
ENSMUSG00000118866,10.515293204733508,-3.915868917431305,Rn7s1,7S RNA 1,-0.0512265510273506,3.915868917431305,OSD-203 4m radiation versus control
ENSMUSG00000050217,113.89269964595357,-2.783765281135288,Lgsn,"lengsin, lens protein with glutamine synthetase domain",-2.80540443276939,2.783765281135288,OSD-203 4m radiation versus control
ENSMUSG00000052819,33.89694984335602,-2.342135530449176,Best2,bestrophin 2,-2.34505214028341,2.342135530449176,OSD-203 4m radiation versus control
ENSMUSG00000073658,10.169841786921445,-2.2589122345550106,Crygb,"crystallin, gamma B",-2.44870039500356,2.2589122345550106,OSD-203 4m radiation versus control
ENSMUSG00000018339,1129.7630383089956,-2.147527965293781,Gpx3,glutathione peroxidase 3,-2.14010606093576,2.147527965293781,OSD-203 4m radiation versus control
ENSMUSG00000027420,295.578438673138,-2.0996753904615484,Bfsp1,"beaded filament structural protein 1, in lens-CP94",-2.09339977288773,2.0996753904615484,OSD-203 4m radiation versus control
ENSMUSG00000047230,36.93528765633787,-2.0953226608672413,Cldn2,claudin 2,-1.90038667251816,2.0953226608672413,OSD-203 4m radiation versus control
ENSMUSG00000066975,501.00835439392057,-2.0856032016113017,Cryba4,"crystallin, beta A4",-2.09913635994774,2.0856032016113017,OSD-203 4m radiation versus control
ENSMUSG00000098021,93.90367612528199,1.8795331508167208,,,1.82963258725706,1.8795331508167208,OSD-203 4m radiation versus control
ENSMUSG00000022129,354.646077155767,-1.782335970550075,Dct,dopachrome tautomerase,-1.75412745421277,1.782335970550075,OSD-203 4m radiation versus control
ENSMUSG00000004105,30.985909422237146,-1.770547991515824,Angptl2,angiopoietin-like 2,-1.90010015873692,1.770547991515824,OSD-203 4m radiation versus control
ENSMUSG00000078234,30.543048513021088,-1.7221547711442664,Klhdc7a,kelch domain containing 7A,-1.58853729821463,1.7221547711442664,OSD-203 4m radiation versus control
ENSMUSG00000117987,17.94671826369717,-1.6980405258711684,,,-1.72076516282946,1.6980405258711684,OSD-203 4m radiation versus control
ENSMUSG00000000724,1928.8655653466328,-1.6911023553371813,Cryba1,"crystallin, beta A1",-1.68285868871667,1.6911023553371813,OSD-203 4m radiation versus control
ENSMUSG00000020651,57.796801577137884,-1.673893421282592,Slc26a4,"solute carrier family 26, member 4",-1.38696395095809,1.673893421282592,OSD-203 4m radiation versus control
ENSMUSG00000010311,307.04223340134456,-1.671942303174981,Optc,opticin,-1.62701288544669,1.671942303174981,OSD-203 4m radiation versus control
ENSMUSG00000005917,34.32545948669713,-1.661057635474338,Otx1,orthodenticle homeobox 1,-1.63722752086826,1.661057635474338,OSD-203 4m radiation versus control
ENSMUSG00000035208,10.68118429404456,-1.6508535513501115,Slfn8,schlafen 8,-1.67950330362054,1.6508535513501115,OSD-203 4m radiation versus control
ENSMUSG00000029843,78.44981180040207,-1.6382172610313308,Slc13a4,"solute carrier family 13 (sodium/sulfate symporters), member 4",-1.64239646026897,1.6382172610313308,OSD-203 4m radiation versus control
ENSMUSG00000006369,304.1574817078533,-1.6284589967165395,Fbln1,fibulin 1,-1.59343498561871,1.6284589967165395,OSD-203 4m radiation versus control
ENSMUSG00000045573,607.527320545119,-1.6219083859678824,Penk,preproenkephalin,-1.56817299038925,1.6219083859678824,OSD-203 4m radiation versus control
ENSMUSG00000032401,34.63953406211786,-1.5888327634175776,Lctl,lactase-like,-1.99870657803331,1.5888327634175776,OSD-203 4m radiation versus control
ENSMUSG00000054072,13.070825485260473,-1.5708401836915695,Iigp1,interferon inducible GTPase 1,-1.60463713184321,1.5708401836915695,OSD-203 4m radiation versus control
ENSMUSG00000073424,10.695840414479282,-1.551328284460669,Cyp4f15,"cytochrome P450, family 4, subfamily f, polypeptide 15",-1.24366419947461,1.551328284460669,OSD-203 4m radiation versus control
ENSMUSG00000030730,10.236659017328257,1.5449183984998867,Atp2a1,"ATPase, Ca++ transporting, cardiac muscle, fast twitch 1",2.1865612090887,1.5449183984998867,OSD-203 4m radiation versus control
ENSMUSG00000009378,37.46488260729312,-1.5428561450302467,Slc16a12,"solute carrier family 16 (monocarboxylic acid transporters), member 12",-1.22183048177666,1.5428561450302467,OSD-203 4m radiation versus control
ENSMUSG00000026303,20.96152067448263,-1.5389931401408417,Mlph,melanophilin,-1.79802212095747,1.5389931401408417,OSD-203 4m radiation versus control
ENSMUSG00000042436,63.90608247108253,-1.5367506641372692,Mfap4,microfibrillar-associated protein 4,-1.41783712827656,1.5367506641372692,OSD-203 4m radiation versus control
ENSMUSG00000050953,276.093214264509,-1.5233475459688428,Gja1,"gap junction protein, alpha 1",-1.51988634313916,1.5233475459688428,OSD-203 4m radiation versus control
ENSMUSG00000033501,1304.3078110978745,-1.5186189194688335,Crygs,"crystallin, gamma S",-1.51778715153491,1.5186189194688335,OSD-203 4m radiation versus control
ENSMUSG00000032556,147.46835703969484,-1.513665751067152,Bfsp2,"beaded filament structural protein 2, phakinin",-1.59446233874148,1.513665751067152,OSD-203 4m radiation versus control
ENSMUSG00000020641,30.93890441405494,-1.5011122686072722,Rsad2,radical S-adenosyl methionine domain containing 2,-1.61343056027314,1.5011122686072722,OSD-203 4m radiation versus control
ENSMUSG00000026579,163.63820003480836,-1.462295476322404,F5,coagulation factor V,-1.47244889922711,1.462295476322404,OSD-203 4m radiation versus control
ENSMUSG00000029343,507.77104756445965,-1.4344074334105965,Crybb1,"crystallin, beta B1",-1.43120802251307,1.4344074334105965,OSD-203 4m radiation versus control
ENSMUSG00000027358,43.225936812139956,-1.424979816072103,Bmp2,bone morphogenetic protein 2,-1.44461104926286,1.424979816072103,OSD-203 4m radiation versus control
ENSMUSG00000092805,285.3632378425718,1.411530209398784,,,0.0145614195170204,1.411530209398784,OSD-203 4m radiation versus control
ENSMUSG00000050671,21.347994219026546,-1.3960693420273727,Ism2,isthmin 2,-1.2663634434789,1.3960693420273727,OSD-203 4m radiation versus control
ENSMUSG00000002020,104.57187377886984,-1.383469597431849,Ltbp2,latent transforming growth factor beta binding protein 2,-1.05548450828989,1.383469597431849,OSD-203 4m radiation versus control
ENSMUSG00000086175,11.930816982456195,1.3714179998198948,,,1.39318320270157,1.3714179998198948,OSD-203 4m radiation versus control
ENSMUSG00000026483,271.1393485044347,-1.3628476438719368,Niban1,niban apoptosis regulator 1,-1.21354680247493,1.3628476438719368,OSD-203 4m radiation versus control
ENSMUSG00000034739,189.9089004566955,-1.354021566808328,Mfrp,membrane frizzled-related protein,-1.44675785871728,1.354021566808328,OSD-203 4m radiation versus control
ENSMUSG00000047935,47.58230531200345,-1.3532978916572715,,,-1.37841050101537,1.3532978916572715,OSD-203 4m radiation versus control
ENSMUSG00000025389,613.7245536370574,-1.3462543585015196,Mip,major intrinsic protein of lens fiber,-1.32964891392633,1.3462543585015196,OSD-203 4m radiation versus control
ENSMUSG00000053441,14.192745896162597,1.3460712101086008,Adamts19,ADAM metallopeptidase with thrombospondin type 1 motif 19,1.60201047941514,1.3460712101086008,OSD-203 4m radiation versus control
ENSMUSG00000040212,13.321509754059166,-1.334919666238734,Emp3,epithelial membrane protein 3,-1.25587626203792,1.334919666238734,OSD-203 4m radiation versus control
ENSMUSG00000103202,17.153579348011675,1.322849165689698,,,1.45041359060818,1.322849165689698,OSD-203 4m radiation versus control
ENSMUSG00000021091,103.32165539843011,-1.2871161339005492,Serpina3n,"serine (or cysteine) peptidase inhibitor, clade A, member 3N",-1.29589056999381,1.2871161339005492,OSD-203 4m radiation versus control
ENSMUSG00000021390,110.45338409614504,-1.2859641040086482,Ogn,osteoglycin,-1.27771050582032,1.2859641040086482,OSD-203 4m radiation versus control
ENSMUSG00000041559,193.6379301594114,-1.2810479977431497,Fmod,fibromodulin,-1.26132627244038,1.2810479977431497,OSD-203 4m radiation versus control
ENSMUSG00000109575,16.603123157295133,1.2778902181794543,,,1.36324235532603,1.2778902181794543,OSD-203 4m radiation versus control
ENSMUSG00000030108,66.74830223093271,-1.2736195921344104,Slc6a13,"solute carrier family 6 (neurotransmitter transporter, GABA), member 13",-1.16764463137797,1.2736195921344104,OSD-203 4m radiation versus control
ENSMUSG00000024806,25.473149178641933,-1.2674432757072192,Mlana,melan-A,-1.19213952854698,1.2674432757072192,OSD-203 4m radiation versus control
ENSMUSG00000042240,4282.370947432201,-1.2493689891627069,Crybb2,"crystallin, beta B2",-1.27150937899012,1.2493689891627069,OSD-203 4m radiation versus control
ENSMUSG00000006546,1149.145642709007,-1.223894372800587,Cryba2,"crystallin, beta A2",-1.21951065653373,1.223894372800587,OSD-203 4m radiation versus control
ENSMUSG00000033633,19.885799554528948,-1.2207508191064833,Clec18a,"C-type lectin domain family 18, member A",-1.14649485369987,1.2207508191064833,OSD-203 4m radiation versus control
ENSMUSG00000025359,93.66384571092834,-1.2192875544495114,Pmel,premelanosome protein,-1.21412810667603,1.2192875544495114,OSD-203 4m radiation versus control
ENSMUSG00000053198,14.170684360737162,-1.2170874119476427,Prx,periaxin,-1.34565924862395,1.2170874119476427,OSD-203 4m radiation versus control
ENSMUSG00000036972,15.910249548003256,-1.2146442283656458,Zic4,zinc finger protein of the cerebellum 4,-0.70774953329468,1.2146442283656458,OSD-203 4m radiation versus control
ENSMUSG00000005994,117.45035255667715,-1.2146153732959368,Tyrp1,tyrosinase-related protein 1,-1.23086160809491,1.2146153732959368,OSD-203 4m radiation versus control
ENSMUSG00000037206,77.10600196011458,-1.2134741445924897,Islr,immunoglobulin superfamily containing leucine-rich repeat,-1.15842299574104,1.2134741445924897,OSD-203 4m radiation versus control
ENSMUSG00000072941,180.79114127692674,-1.2039832276285747,Sod3,"superoxide dismutase 3, extracellular",-1.21476996378443,1.2039832276285747,OSD-203 4m radiation versus control
ENSMUSG00000035493,13.045681283222516,-1.1984919362974367,Tgfbi,"transforming growth factor, beta induced",-1.70397611728657,1.1984919362974367,OSD-203 4m radiation versus control
ENSMUSG00000025934,36.40855745471478,-1.1777874125522683,Gsta3,"glutathione S-transferase, alpha 3",-1.50935610363462,1.1777874125522683,OSD-203 4m radiation versus control
ENSMUSG00000044393,15.115597623552905,-1.1644008897781146,Dsg2,desmoglein 2,-0.779835048705834,1.1644008897781146,OSD-203 4m radiation versus control
ENSMUSG00000105720,12.50871191251407,1.1571685629507955,,,1.13641672520412,1.1571685629507955,OSD-203 4m radiation versus control
ENSMUSG00000034459,81.00584601967277,-1.1459056128887757,Ifit1,interferon-induced protein with tetratricopeptide repeats 1,-1.20240833351859,1.1459056128887757,OSD-203 4m radiation versus control
ENSMUSG00000091155,29.43255630900574,1.1458643334605074,Serpine3,"serpin peptidase inhibitor, clade E (nexin, plasminogen activator inhibitor type 1), member 3",1.05112976086268,1.1458643334605074,OSD-203 4m radiation versus control
ENSMUSG00000024598,26.95708792060543,-1.1412007767816505,Fbn2,fibrillin 2,-0.504439414542179,1.1412007767816505,OSD-203 4m radiation versus control
ENSMUSG00000001473,23.92441282382467,-1.1373644498908304,Tubb6,"tubulin, beta 6 class V",-1.21517491005158,1.1373644498908304,OSD-203 4m radiation versus control
ENSMUSG00000035183,31.963857549994188,-1.1321412357535134,Slc24a5,"solute carrier family 24, member 5",-1.04771528657472,1.1321412357535134,OSD-203 4m radiation versus control
ENSMUSG00000030921,16.176465435143413,-1.1320112065729733,Trim30a,tripartite motif-containing 30A,-0.88015463450109,1.1320112065729733,OSD-203 4m radiation versus control
ENSMUSG00000047139,371.25801365802533,-1.1317556499069836,Cd24a,CD24a antigen,-1.12030520176581,1.1317556499069836,OSD-203 4m radiation versus control
ENSMUSG00000020912,50.64372636015313,-1.124031245520993,Krt12,keratin 12,-1.07436748165768,1.124031245520993,OSD-203 4m radiation versus control
ENSMUSG00000027533,88.21944562804123,-1.120493450258976,Fabp5,"fatty acid binding protein 5, epidermal",-1.04279158065564,1.120493450258976,OSD-203 4m radiation versus control
ENSMUSG00000002831,42.07907527190432,-1.1184065573847182,Plin4,perilipin 4,-1.19379162415159,1.1184065573847182,OSD-203 4m radiation versus control
ENSMUSG00000029352,360.4094523720017,-1.1058913156896586,Crybb3,"crystallin, beta B3",-1.07269053403569,1.1058913156896586,OSD-203 4m radiation versus control
ENSMUSG00000037379,22.164562957160314,-1.1038598748525643,Spon2,"spondin 2, extracellular matrix protein",-1.19493061812835,1.1038598748525643,OSD-203 4m radiation versus control
ENSMUSG00000039691,27.86771929642049,-1.1005907799512575,Tspan10,tetraspanin 10,-1.08140344821497,1.1005907799512575,OSD-203 4m radiation versus control
ENSMUSG00000066170,25.548221092015822,-1.0860791661682618,,,-1.04007441627029,1.0860791661682618,OSD-203 4m radiation versus control
ENSMUSG00000007097,1144.850678861519,-1.085636882711568,Atp1a2,"ATPase, Na+/K+ transporting, alpha 2 polypeptide",-1.09098199912924,1.085636882711568,OSD-203 4m radiation versus control
ENSMUSG00000106214,13.10593670736053,1.059205687280655,,,1.10652838954913,1.059205687280655,OSD-203 4m radiation versus control
ENSMUSG00000030093,18.71341249018229,-1.058274915180063,Wnt7a,"wingless-type MMTV integration site family, member 7A",-1.07140854574963,1.058274915180063,OSD-203 4m radiation versus control
ENSMUSG00000022324,39.54476222980364,-1.0534642399129148,Matn2,matrilin 2,-0.942913815791381,1.0534642399129148,OSD-203 4m radiation versus control
ENSMUSG00000036586,104.4105142152799,-1.0466081094595003,Grifin,galectin-related inter-fiber protein,-1.01144479547448,1.0466081094595003,OSD-203 4m radiation versus control
ENSMUSG00000086587,26.22408489090986,-1.0434813345330698,Gm11837,predicted gene 11837,-1.08011777423549,1.0434813345330698,OSD-203 4m radiation versus control
ENSMUSG00000075707,20.97060370994139,-1.0403318961751895,Dio3,"deiodinase, iodothyronine type III",-0.914069339288246,1.0403318961751895,OSD-203 4m radiation versus control
ENSMUSG00000118651,11.914570796771775,-1.03723571933365,Gm17315,"predicted gene, 17315",-1.07414627719975,1.03723571933365,OSD-203 4m radiation versus control
ENSMUSG00000105179,30.416659826777373,1.034513160522176,,,1.03499076202271,1.034513160522176,OSD-203 4m radiation versus control
ENSMUSG00000107456,10.487781950970891,1.034223829644544,Gm10400,predicted gene 10400,1.01545448986291,1.034223829644544,OSD-203 4m radiation versus control
ENSMUSG00000054146,23.711708186012917,-1.025606330184953,Krt15,keratin 15,-1.00250011911948,1.025606330184953,OSD-203 4m radiation versus control
ENSMUSG00000020592,22.085148822372414,-1.0253727239309627,Sdc1,syndecan 1,-1.0278469749922,1.0253727239309627,OSD-203 4m radiation versus control
ENSMUSG00000024041,10896.608657721483,-1.0245464913988285,Cryaa,"crystallin, alpha A",-0.973475781514115,1.0245464913988285,OSD-203 4m radiation versus control
ENSMUSG00000109217,10.556629512389906,1.0236136580555932,,,0.846422178192373,1.0236136580555932,OSD-203 4m radiation versus control
ENSMUSG00000102494,10.481471723494671,1.0043743568248076,,,1.02365420498524,1.0043743568248076,OSD-203 4m radiation versus control
ENSMUSG00000007122,10.444134456398022,-1.0028455643348824,Casq1,calsequestrin 1,-1.11910848994376,1.0028455643348824,OSD-203 4m radiation versus control
ENSMUSG00000055214,56.77308326561032,-1.0026441949369105,Pld5,phospholipase D family member 5,-1.05690787708398,1.0026441949369105,OSD-203 4m radiation versus control
ENSMUSG00000107148,30.53867527655472,0.9956959978914822,,,1.02209586785656,0.9956959978914822,OSD-203 4m radiation versus control
ENSMUSG00000108169,11.04563425506199,0.9932159288048447,,,1.06893269756387,0.9932159288048447,OSD-203 4m radiation versus control
ENSMUSG00000117943,15.128875813310177,0.9877401946290282,,,1.04024057080235,0.9877401946290282,OSD-203 4m radiation versus control
ENSMUSG00000004651,53.45860589054709,-0.987450880625079,Tyr,tyrosinase,-0.533119584603573,0.987450880625079,OSD-203 4m radiation versus control
ENSMUSG00000031097,349.30670841418123,10.29749425888402,Tnni2,"troponin I, skeletal, fast 2",26.3494969421106,10.29749425888402,OSD-203 4m hlu versus control
ENSMUSG00000056328,2703.7630190527943,10.226710445224915,Myh1,"myosin, heavy polypeptide 1, skeletal muscle, adult",10.4301335014948,10.226710445224915,OSD-203 4m hlu versus control
ENSMUSG00000057003,1837.9393741399456,9.93990560649938,Myh4,"myosin, heavy polypeptide 4, skeletal muscle",10.2100713804163,9.93990560649938,OSD-203 4m hlu versus control
ENSMUSG00000030730,2269.5097837438707,9.617019053369903,Atp2a1,"ATPase, Ca++ transporting, cardiac muscle, fast twitch 1",10.1034462970595,9.617019053369903,OSD-203 4m hlu versus control
ENSMUSG00000060180,1376.767312436567,9.365002371611252,Myh13,"myosin, heavy polypeptide 13, skeletal muscle",8.78066305091747,9.365002371611252,OSD-203 4m hlu versus control
ENSMUSG00000061723,989.2408716900607,9.020358576476314,Tnnt3,"troponin T3, skeletal, fast",8.53017533014573,9.020358576476314,OSD-203 4m hlu versus control
ENSMUSG00000055775,254.0732463199696,8.896266627125911,Myh8,"myosin, heavy polypeptide 8, skeletal muscle, perinatal",10.364647020471,8.896266627125911,OSD-203 4m hlu versus control
ENSMUSG00000033196,813.9959672321039,8.767328818691412,Myh2,"myosin, heavy polypeptide 2, skeletal muscle, adult",8.86589040401951,8.767328818691412,OSD-203 4m hlu versus control
ENSMUSG00000061816,449.5836733640948,8.711199265047096,Myl1,"myosin, light polypeptide 1",10.1138900791113,8.711199265047096,OSD-203 4m hlu versus control
ENSMUSG00000018893,639.524009284852,8.709666462560085,Mb,myoglobin,7.92052746019155,8.709666462560085,OSD-203 4m hlu versus control
ENSMUSG00000020061,234.85507488130781,8.567050731239126,Mybpc1,"myosin binding protein C, slow-type",9.29304257874342,8.567050731239126,OSD-203 4m hlu versus control
ENSMUSG00000020908,502.53979913726056,8.449272184295781,Myh3,"myosin, heavy polypeptide 3, skeletal muscle, embryonic",8.81211388041135,8.449272184295781,OSD-203 4m hlu versus control
ENSMUSG00000027022,379.0744520682528,8.407285168958133,Xirp2|Gm1322,xin actin-binding repeat containing 2|predicted gene 1322,7.98729664407058,8.407285168958133,OSD-203 4m hlu versus control
ENSMUSG00000024471,123.05571283931388,8.317424843538474,Myot,myotilin,10.0268921248476,8.317424843538474,OSD-203 4m hlu versus control
ENSMUSG00000030785,120.89270549342294,8.154592335614897,Cox6a2,cytochrome c oxidase subunit 6A2,9.81750823919756,8.154592335614897,OSD-203 4m hlu versus control
ENSMUSG00000017300,388.1071338175646,8.129367951573386,Tnnc2,"troponin C2, fast",8.68120547976125,8.129367951573386,OSD-203 4m hlu versus control
ENSMUSG00000007877,456.85826614068566,8.03614197429577,Tcap,titin-cap,8.279785563272,8.03614197429577,OSD-203 4m hlu versus control
ENSMUSG00000030399,489.6891495832608,7.885957580118977,Ckm,"creatine kinase, muscle",7.93889065714689,7.885957580118977,OSD-203 4m hlu versus control
ENSMUSG00000021622,442.6831395962546,7.685325148907375,Ckmt2,"creatine kinase, mitochondrial 2",8.13185786719208,7.685325148907375,OSD-203 4m hlu versus control
ENSMUSG00000019787,159.7366087416741,7.519898785482736,Trdn,triadin,8.28872501507796,7.519898785482736,OSD-203 4m hlu versus control
ENSMUSG00000044951,191.94211782296804,7.427326464603973,Mylk4,"myosin light chain kinase family, member 4",7.2070630013516,7.427326464603973,OSD-203 4m hlu versus control
ENSMUSG00000045545,120.07273788769514,7.376278579665807,Krt14,keratin 14,7.56205240264715,7.376278579665807,OSD-203 4m hlu versus control
ENSMUSG00000079588,39.85413511462375,7.1746749254298745,Tmem182,transmembrane protein 182,24.1508461582095,7.1746749254298745,OSD-203 4m hlu versus control
ENSMUSG00000027077,36.947842838353225,7.06622090269699,Smtnl1,smoothelin-like 1,23.7220603812443,7.06622090269699,OSD-203 4m hlu versus control
ENSMUSG00000018907,107.18760932211445,6.959407324672693,Alox12e,"arachidonate lipoxygenase, epidermal",6.65728130375712,6.959407324672693,OSD-203 4m hlu versus control
ENSMUSG00000059668,233.3581506134208,6.9533907493460845,Krt4,keratin 4,7.17233803779288,6.9533907493460845,OSD-203 4m hlu versus control
ENSMUSG00000052974,217.29872091196893,6.851746816148207,Cyp2f2,"cytochrome P450, family 2, subfamily f, polypeptide 2",6.94673448070791,6.851746816148207,OSD-203 4m hlu versus control
ENSMUSG00000092009,191.4292162422078,6.825000482427804,Myh15,"myosin, heavy chain 15",7.05409355696869,6.825000482427804,OSD-203 4m hlu versus control
ENSMUSG00000031972,663.6936997390872,6.816940347986145,Acta1,"actin alpha 1, skeletal muscle",7.00685482403931,6.816940347986145,OSD-203 4m hlu versus control
ENSMUSG00000025150,333.17085476541536,6.627776952297809,Cbr2,carbonyl reductase 2,6.19627473846993,6.627776952297809,OSD-203 4m hlu versus control
ENSMUSG00000044938,47.87695398829821,6.591662279921431,Klhl31,kelch-like 31,7.67411315335976,6.591662279921431,OSD-203 4m hlu versus control
ENSMUSG00000030996,46.06386922011036,6.4536811860580885,Art1,ADP-ribosyltransferase 1,7.30612782398003,6.4536811860580885,OSD-203 4m hlu versus control
ENSMUSG00000051747,8722.904289026641,6.432061694664607,Ttn,titin,6.46102798112159,6.432061694664607,OSD-203 4m hlu versus control
ENSMUSG00000049173,23.43878780058033,6.415820108214491,Myoz3,myozenin 3,31.1179727987301,6.415820108214491,OSD-203 4m hlu versus control
ENSMUSG00000068697,51.42998485249699,6.413609362171632,Myoz1,myozenin 1,5.27587771366623,6.413609362171632,OSD-203 4m hlu versus control
ENSMUSG00000042895,31.294396644731226,6.348627698422502,Abra,actin-binding Rho activating protein,8.09824832105385,6.348627698422502,OSD-203 4m hlu versus control
ENSMUSG00000029683,57.39809910479542,6.310423176862722,Lmod2,leiomodin 2 (cardiac),6.96351540693017,6.310423176862722,OSD-203 4m hlu versus control
ENSMUSG00000052374,262.241153325038,6.293768372923474,Actn2,actinin alpha 2,5.35221777456769,6.293768372923474,OSD-203 4m hlu versus control
ENSMUSG00000005547,43.555543562329554,6.161697846905466,Cyp2a5,"cytochrome P450, family 2, subfamily a, polypeptide 5",6.35201606076803,6.161697846905466,OSD-203 4m hlu versus control
ENSMUSG00000006221,76.64769634665278,6.132029491893976,Hspb7,"heat shock protein family, member 7 (cardiovascular)",6.52720715091305,6.132029491893976,OSD-203 4m hlu versus control
ENSMUSG00000055301,112.3382743697411,6.068539419272421,Adh7,"alcohol dehydrogenase 7 (class IV), mu or sigma polypeptide",5.35767615200618,6.068539419272421,OSD-203 4m hlu versus control
ENSMUSG00000054146,1271.7702578088092,6.067161703195386,Krt15,keratin 15,6.00883971215167,6.067161703195386,OSD-203 4m hlu versus control
ENSMUSG00000056632,70.36865408525927,6.051735110174673,Dsg3,desmoglein 3,6.11596004110377,6.051735110174673,OSD-203 4m hlu versus control
ENSMUSG00000049134,343.93017738866405,6.00966394991616,Nrap,nebulin-related anchoring protein,6.2730499379268,6.00966394991616,OSD-203 4m hlu versus control
ENSMUSG00000035296,16.706138717167892,5.934094184497256,Sgcg,"sarcoglycan, gamma (dystrophin-associated glycoprotein)",22.24010872141,5.934094184497256,OSD-203 4m hlu versus control
ENSMUSG00000044086,16.493140983908642,5.915886727710155,Lmod3,leiomodin 3 (fetal),22.9118590808718,5.915886727710155,OSD-203 4m hlu versus control
ENSMUSG00000038583,22.26288515188142,5.851310423591516,Pln,phospholamban,7.851753962392,5.851310423591516,OSD-203 4m hlu versus control
ENSMUSG00000028116,15.722575260824307,5.848028739143789,Myoz2,myozenin 2,37.5282847299897,5.848028739143789,OSD-203 4m hlu versus control
ENSMUSG00000000031,48.2641467055601,5.827864902212848,H19,"H19, imprinted maternally expressed transcript",5.90475814759328,5.827864902212848,OSD-203 4m hlu versus control
ENSMUSG00000041476,34.39606093346734,5.737262341011138,Smpx,"small muscle protein, X-linked",6.07698293972696,5.737262341011138,OSD-203 4m hlu versus control
ENSMUSG00000026950,1567.099139739566,5.701246728624309,Neb,nebulin,4.54792561060609,5.701246728624309,OSD-203 4m hlu versus control
ENSMUSG00000062077,28.658653127532446,5.649331969131597,Trim54,tripartite motif-containing 54,6.4281051227491,5.649331969131597,OSD-203 4m hlu versus control
ENSMUSG00000033533,47.13151491077591,5.633195894208533,Acsm1,acyl-CoA synthetase medium-chain family member 1,6.43474521530831,5.633195894208533,OSD-203 4m hlu versus control
ENSMUSG00000079243,24.76180539727708,5.604864582591087,Xirp1,xin actin-binding repeat containing 1,6.78131596494051,5.604864582591087,OSD-203 4m hlu versus control
ENSMUSG00000026208,279.3480793869568,5.5030313468696646,Des,desmin,5.44397496696486,5.5030313468696646,OSD-203 4m hlu versus control
ENSMUSG00000055415,12.126265705125668,5.480735489943345,Atp10b,"ATPase, class V, type 10B",6.76513037694588,5.480735489943345,OSD-203 4m hlu versus control
ENSMUSG00000059898,47.38169215591424,5.459408506698652,Dsc3,desmocollin 3,5.59563938312841,5.459408506698652,OSD-203 4m hlu versus control
ENSMUSG00000038239,227.86482946797162,5.452379150020881,Hrc,histidine rich calcium binding protein,5.69224047080311,5.452379150020881,OSD-203 4m hlu versus control
ENSMUSG00000016756,149.42289304304597,5.449783657005903,Cmah,cytidine monophospho-N-acetylneuraminic acid hydroxylase,4.78278277236987,5.449783657005903,OSD-203 4m hlu versus control
ENSMUSG00000043705,11.782411807209206,5.4401775878818635,Capn13,calpain 13,6.62390648443519,5.4401775878818635,OSD-203 4m hlu versus control
ENSMUSG00000053093,200.1809288455065,5.4157531924054805,Myh7,"myosin, heavy polypeptide 7, cardiac muscle, beta",3.57169111678921,5.4157531924054805,OSD-203 4m hlu versus control
ENSMUSG00000053522,11.412812593635074,5.39527278883141,Lgals7,"lectin, galactose binding, soluble 7",22.3845068944032,5.39527278883141,OSD-203 4m hlu versus control
ENSMUSG00000026574,16.3437568512913,5.360658532274737,Dpt,dermatopontin,7.04855301263341,5.360658532274737,OSD-203 4m hlu versus control
ENSMUSG00000044041,298.9661874233048,5.326419967179341,Krt13,keratin 13,4.83167485722149,5.326419967179341,OSD-203 4m hlu versus control
ENSMUSG00000074207,148.03956055366697,5.313505171946436,Adh1,alcohol dehydrogenase 1 (class I),4.90311927106538,5.313505171946436,OSD-203 4m hlu versus control
ENSMUSG00000001508,14.98674366957111,5.295898260274397,Sgca,"sarcoglycan, alpha (dystrophin-associated glycoprotein)",6.44532911143488,5.295898260274397,OSD-203 4m hlu versus control
ENSMUSG00000023039,79.4907800691174,5.2630075564685495,Krt7,keratin 7,4.74602927510646,5.2630075564685495,OSD-203 4m hlu versus control
ENSMUSG00000027868,117.96408349065672,5.235562197011592,Tbx15,T-box 15,5.41179696838879,5.235562197011592,OSD-203 4m hlu versus control
ENSMUSG00000036446,10.160656780547136,5.231830370028069,Lum,lumican,21.3964012079478,5.231830370028069,OSD-203 4m hlu versus control
ENSMUSG00000028464,752.7786761663309,5.213780587021264,Tpm2,"tropomyosin 2, beta",5.07902678173557,5.213780587021264,OSD-203 4m hlu versus control
ENSMUSG00000037974,18.893671551884957,5.2089763398944235,Muc5ac,"mucin 5, subtypes A and C, tracheobronchial/gastric",6.78928728105236,5.2089763398944235,OSD-203 4m hlu versus control
ENSMUSG00000024011,63.734982696262904,5.193723167206813,Pi16,peptidase inhibitor 16,5.13051940583948,5.193723167206813,OSD-203 4m hlu versus control
ENSMUSG00000068614,319.77778586747417,5.158092079688085,Actc1,"actin, alpha, cardiac muscle 1",5.17583610639393,5.158092079688085,OSD-203 4m hlu versus control
ENSMUSG00000062609,13.58756981619856,5.156366301988075,Kcnj15,"potassium inwardly-rectifying channel, subfamily J, member 15",5.31550595518809,5.156366301988075,OSD-203 4m hlu versus control
ENSMUSG00000028435,154.55004963616156,5.114815422964953,Aqp3,aquaporin 3,4.99717033852288,5.114815422964953,OSD-203 4m hlu versus control
ENSMUSG00000035861,44.48331050845055,5.0921899547611655,Tmprss11b,"transmembrane protease, serine 11B",5.33297809278272,5.0921899547611655,OSD-203 4m hlu versus control
ENSMUSG00000028396,13.16641522642049,5.052533991768644,2310002L09Rik,RIKEN cDNA 2310002L09 gene,6.3755730418899,5.052533991768644,OSD-203 4m hlu versus control
ENSMUSG00000002500,44.97326169726421,5.029515500302129,Rpl3l,ribosomal protein L3-like,5.45946166796057,5.029515500302129,OSD-203 4m hlu versus control
ENSMUSG00000061527,1112.512464179908,5.0045742958755035,Krt5,keratin 5,5.0193951901562,5.0045742958755035,OSD-203 4m hlu versus control
ENSMUSG00000044594,15.676128430250165,4.903385664708413,Serpinb3a,"serine (or cysteine) peptidase inhibitor, clade B (ovalbumin), member 3A",5.81890097622261,4.903385664708413,OSD-203 4m hlu versus control
ENSMUSG00000028716,26.927989466181305,4.902493746317512,Pdzk1ip1,PDZK1 interacting protein 1,6.10991700042066,4.902493746317512,OSD-203 4m hlu versus control
ENSMUSG00000047501,18.646284295897765,4.869408191943895,Cldn4,claudin 4,5.66265165191305,4.869408191943895,OSD-203 4m hlu versus control
ENSMUSG00000026981,11.420029941332608,4.850182746513589,Il1rn,interleukin 1 receptor antagonist,4.08329164039094,4.850182746513589,OSD-203 4m hlu versus control
ENSMUSG00000032013,75.69742708856043,4.811906312740473,Trim29,tripartite motif-containing 29,4.96124388989381,4.811906312740473,OSD-203 4m hlu versus control
ENSMUSG00000018924,25.771107399944576,4.791249056877821,Alox15,arachidonate 15-lipoxygenase,5.21541625664971,4.791249056877821,OSD-203 4m hlu versus control
ENSMUSG00000022215,13.45591611280393,4.760823547592543,Fitm1,fat storage-inducing transmembrane protein 1,5.8410765145328,4.760823547592543,OSD-203 4m hlu versus control
ENSMUSG00000068745,35.5939498667432,4.759775083287827,Mybphl,myosin binding protein H-like,5.25523969130045,4.759775083287827,OSD-203 4m hlu versus control
ENSMUSG00000091618,10.072102994459108,4.721650895904712,H60c,histocompatibility 60c,5.18296415846277,4.721650895904712,OSD-203 4m hlu versus control
ENSMUSG00000039891,186.1041291430194,4.713858196678171,Txlnb,taxilin beta,4.803797865954,4.713858196678171,OSD-203 4m hlu versus control
ENSMUSG00000067006,13.348962150123416,4.710620806469324,Serpinb5,"serine (or cysteine) peptidase inhibitor, clade B, member 5",5.81689623731422,4.710620806469324,OSD-203 4m hlu versus control
ENSMUSG00000032496,14.759757207692466,4.694041443979433,Ltf,lactotransferrin,4.014270269219,4.694041443979433,OSD-203 4m hlu versus control
ENSMUSG00000030592,525.3815595323597,4.679581286064648,Ryr1,"ryanodine receptor 1, skeletal muscle",3.90929711080201,4.679581286064648,OSD-203 4m hlu versus control
ENSMUSG00000050762,31.08511016784844,4.64953118904533,Prss27,serine protease 27,4.9735894172062,4.64953118904533,OSD-203 4m hlu versus control
ENSMUSG00000035557,13.239053688685098,4.641442724438636,Krt17,keratin 17,5.73955188362925,4.641442724438636,OSD-203 4m hlu versus control
ENSMUSG00000078597,20.647258342185197,4.619179032946752,Cyp4a12b,"cytochrome P450, family 4, subfamily a, polypeptide 12B",5.26577016169207,4.619179032946752,OSD-203 4m hlu versus control
ENSMUSG00000026676,56.49555520722873,4.600526164027351,Ccdc3,coiled-coil domain containing 3,4.75335521331139,4.600526164027351,OSD-203 4m hlu versus control
ENSMUSG00000042306,23.775945116989092,4.5971375564833075,S100a14,S100 calcium binding protein A14,5.33035736903538,4.5971375564833075,OSD-203 4m hlu versus control
ENSMUSG00000021950,58.274877304439286,4.5953916779397685,Anxa8,annexin A8,4.6817064913353,4.5953916779397685,OSD-203 4m hlu versus control
ENSMUSG00000063130,292.08282296849734,4.5927790798517725,Calml3,calmodulin-like 3,4.66205990782111,4.5927790798517725,OSD-203 4m hlu versus control
ENSMUSG00000020475,120.82987231713186,4.577827376323894,Pgam2,phosphoglycerate mutase 2,4.68692017260867,4.577827376323894,OSD-203 4m hlu versus control
